drug,countreact
REMICADE,97
MIRENA,81
METHOTREXATE,74
HUMIRA,73
PREDNISONE,72
SYNTHROID,70
CALCIUM,70
TYLENOL,64
FOLIC ACID,62
LIPITOR,61
ATIVAN,61
NEXIUM,57
VITAMIN D,56
METFORMIN,56
MULTIVITAMINE(S),53
CRESTOR,51
ACETAMINOPHEN,51
CLONAZEPAM,51
CELEBREX,51
VENTOLIN,50
PAXIL,49
HYDROCHLOROTHIAZIDE,49
PANTOLOC,47
LOSEC,46
BENADRYL,46
METOPROLOL,45
ESTRADERM,45
LORAZEPAM,45
LYRICA,45
PROVERA,44
ASA,44
DEPO-PROVERA STERILE AQUEOUS SUSPENSION 150 MG/ML,44
SALBUTAMOL,43
ZOPICLONE,42
EFFEXOR XR,42
ANTIINFECTIVES FOR SYSTEMIC USE,42
SEROQUEL,41
ENBREL,39
RANITIDINE,38
ZYPREXA,38
CELEXA,38
NORVASC,38
ALTACE,37
COUMADIN,36
ACTONEL,36
IBUPROFEN,36
PREMARIN,35
DOMPERIDONE,35
VITAMIN B12,35
FUROSEMIDE,34
TRAZODONE,34
RAMIPRIL,33
VITAMIN C,33
PANTOPRAZOLE,33
OMEPRAZOLE,32
ATENOLOL TABLETS, BP,32
ADVIL,32
ACETYLSALICYLIC ACID,32
SANDOSTATIN LAR 30MG,32
NAPROXEN,31
LEVOTHYROXINE,31
GABAPENTIN,31
IMURAN,30
PROZAC,30
IMOVANE,30
CONTRACEPTIVES,30
NUVARING,30
ASAPHEN,30
ASPIRIN,29
GRAVOL,29
PREVACID,29
RISPERDAL,29
ACLASTA,29
FLOVENT,29
SANDOSTATIN LAR,29
ADVAIR,29
MORPHINE,29
AVODART,28
CIPRO,28
CIPROFLOXACIN,28
CITALOPRAM,28
CYMBALTA,28
BETASERON,28
LUPRON DEPOT,28
SANDOSTATIN LAR 20MG,27
SPIRIVA,27
AVAPRO,27
LITHIUM,27
RIVOTRIL,27
CHAMPIX,27
INSULIN,27
TYLENOL WITH CODEINE NO. 3 - TAB,27
TEGRETOL,27
VIOXX,27
VITAMIN E,27
PROSCAR,27
AMITRIPTYLINE,27
ELTROXIN,27
ZOLOFT,26
ZANTAC,26
PLAVIX,26
ELAVIL,26
ERGOCALCIFEROL,26
YASMIN 28,26
ATORVASTATIN CALCIUM,26
ACTEMRA,25
ESTROGENS,25
VASOTEC,25
NITROGLYCERIN,25
FOSAMAX,25
IRON,25
RITUXAN,25
WELLBUTRIN,25
VITAMINS,25
CIPRALEX,24
ARTHROTEC,24
WARFARIN,24
SYMBICORT TURBUHALER,24
OXYCODONE,24
VIAGRA,24
BISOPROLOL,23
PROGESTERONE,23
TYLENOL W CODEINE NO3 TAB,23
ZOCOR,23
REACTINE,23
ORENCIA,23
COVERSYL,23
ESTRACOMB,23
FLOMAX,23
LASIX,22
XOLAIR,22
AMPICILLIN,22
COZAAR,22
DIAZEPAM,22
VENLAFAXINE XR,22
CLOZARIL,22
PROMETRIUM  - CAP 100MG,22
RABEPRAZOLE,22
CALCIUM & VITAMIN D,22
REBIF,22
CORTISONE,21
CIALIS,21
DEXAMETHASONE,21
PARIET,21
FERROUS SULPHATE,21
CYCLOBENZAPRINE,21
CALCIUM CARBONATE,21
EPIVAL,20
DEPO-PROVERA STERILE AQUEOUS SUSPENSION,20
PLAN B,20
VITAMIN B COMPLEX,20
DILAUDID,20
ESTROGEL,20
SOLU-CORTEF,20
FLOMAX CR,20
ALDACTONE,20
ARIMIDEX TAB 1MG,20
AVANDIA,20
ATACAND,20
THYROXINE,20
FLAGYL,19
DIPHENHYDRAMINE,19
BIAXIN,19
ESTRACE,19
RISPERIDONE,19
ESTALIS,19
SERTRALINE,19
CODEINE,19
FENTANYL,19
WELLBUTRIN SR,19
ALESSE 28 TABLETS,19
COLACE,19
DIOVAN,19
PLAQUENIL,18
DALMANE,18
GLYBURIDE,18
SOLU-MEDROL,18
YAZ,18
ESTRADOT,18
XANAX,18
ALPRAZOLAM,18
PAROXETINE,18
DEMEROL,18
CYTOTEC,18
CARBAMAZEPINE,18
SPIRONOLACTONE,18
METRONIDAZOLE,18
GLEEVEC,18
DILANTIN,18
CYANOCOBALAMIN,17
MEDROXYPROGESTERONE,17
OXYCONTIN,17
NAPROSYN,17
AMLODIPINE,17
TRI-CYCLEN,17
VAGIFEM,17
CONJUGATED ESTROGENS,17
ACCUTANE ROCHE,17
INDOMETHACIN,17
VALPROIC ACID,17
ATROVENT,17
BACLOFEN,17
HYDROMORPHONE,17
MAGNESIUM,17
AMOXICILLIN,17
ZYPREXA ZYDIS,16
TRIPHASIL 28,16
ANTI-HYPERTENSIVE MEDICATION(S),16
FLONASE - AEM-SUS NAS  50MCG/MD,16
HUMALOG,16
MICRONOR TABLETS 28-DAY,16
PREMARIN VAGINAL CREAM,16
OMEGA - 3,16
CLINDAMYCIN,16
SINGULAIR,16
DIFLUCAN,16
ORTHO-NOVUM 1/50 TABLETS (28 DAY),16
PROMETRIUM,16
EVRA   -(6/0.60),15
LAMOTRIGINE,15
FERROUS GLUCONATE,15
SEPTRA,15
FINASTERIDE,15
SERAX,15
ZYBAN,15
DIGOXIN,15
GLUCOPHAGE,15
HCTZ,15
EFFEXOR NOS,15
MOTILIUM TAB 10MG,15
ERYTHROMYCIN,15
ACETYLSALICYLIC ACID ENT CTD,15
INDAPAMIDE,15
NEURONTIN,15
PROPECIA,15
TOPAMAX,15
DOCUSATE SODIUM,15
BECLOFORTE INHALER - AEM INH 250MCG/AEM,15
STRATTERA,15
GLUCOSAMINE,14
ALLOPURINOL,14
SENOKOT,14
AZATHIOPRINE,14
NOZINAN,14
OXAZEPAM,14
LOPRESOR,14
ADALAT,14
OXYBUTYNIN,14
CLONIDINE,14
GENTAMICIN,14
RATIO-OXYCOCET,14
TAMSULOSIN,14
HYDROCORTISONE,14
OVRAL 21 TAB,14
CEPHALEXIN,14
NOVASEN,14
AVIANE 28,14
DIPHENHYDRAMINE HYDROCHLORIDE,14
RITALIN,14
DIANE-35,14
CANESTEN,14
FLUOXETINE,13
OLANZAPINE,13
VOLTAREN,13
TAMOXIFEN,13
DIAMICRON,13
BUDESONIDE,13
DOXYCYCLINE,13
NASONEX,13
SULFASALAZINE,13
FORTEO,13
CHLORPROMAZINE,13
ADALAT XL,13
SIMVASTATIN,13
XELODA,13
ALENDRONATE,13
FLUCONAZOLE,13
NOVORAPID,13
HEPARIN SODIUM INJECTION, USP,13
TYSABRI,13
ANALGESICS,13
MONISTAT 3 VAGINAL OVULES,13
FEMARA 2.5MG,13
LITHIUM CARBONATE,13
REMERON,13
ALESSE 28,13
METHYLPREDNISOLONE,13
SIMPONI,12
FRAGMIN,12
MARVELON 28 TAB,12
DOXEPIN HYDROCHLORIDE,12
TRI-CYCLEN TABLETS - 28-DAY,12
QUETIAPINE,12
ZINC,12
COPPER-7,12
CU-7,12
TAGAMET,12
ONDANSETRON,12
ANAFRANIL,12
LANOXIN,12
TENORMIN,12
NORPRAMIN,12
DIDROCAL-400MG(ETIDRONATE DISOD.)TAB AND 1250MG(CA CARB.)TAB(500MG CA),12
AXID,12
INDOCID,12
MELOXICAM,12
TETRACYCLINE,12
DESYREL,12
THYROID,12
PERCOCET,12
VALIUM,12
HALDOL,12
ARAVA,12
TRAMACET,11
MOTRIN,11
DIMENHYDRINATE,11
DETROL LA,11
SERZONE-5HT2,11
PRADAX,11
BUPROPION,11
MULTIPLE VITAMINS,11
ESTRADERM TTS,11
VALSARTAN,11
EVISTA (60MG),11
NIFEDIPINE,11
AVALIDE,11
AMEVIVE,11
MIN-OVRAL 28 TAB,11
LEUCOVORIN,11
BUSPAR TAB 10MG,11
ETHANOL,11
EZETROL,11
ATARAX,11
PRAVACHOL,11
AVELOX,11
MACROBID,11
ORTHO-NOVUM NOS,11
RISPERDAL CONSTA,11
VALTREX,11
IV FLUIDS,11
SLOW K 600MG,11
VIVELLE,11
ENTROPHEN,11
JANUVIA,11
EPREX STERILE SOLUTION,11
ROSUVASTATIN,11
CLARITIN,10
KEMADRIN,10
METHADONE,10
MICARDIS PLUS,10
DYAZIDE TAB,10
SEROQUEL XR,10
NORTRIPTYLINE,10
GILENYA,10
INDERAL,10
CENTRUM TABLETS,10
TECTA,10
ANTINEOPLASTIC(S),10
MISOPROSTOL,10
CLOXACILLIN,10
ASACOL,10
PRAMIPEXOLE,10
WELLBUTRIN XL,10
METAMUCIL,10
TIAZAC,10
PEGASYS RBV,10
PRAVASTATIN SODIUM,10
LIPPES LOOP,10
MACROBID (100 MG),10
TEMAZEPAM,10
DICLOFENAC,10
ALYSENA 28,10
OXYGEN,10
SUTENT,10
LOXAPINE,10
MIRTAZAPINE,10
INSULIN NPH,10
VALIUM ORAL,10
CARDIZEM,10
IMITREX,10
PHENYTOIN,10
APO-RANITIDINE,10
PULMICORT,10
LIBRAX,10
NSAIDS,10
CIMETIDINE,9
ALDOMET,9
ESTRING,9
VISKEN,9
BICALUTAMIDE,9
AMOXIL,9
SINEQUAN,9
COPAXONE,9
NYSTATIN,9
DITROPAN,9
CAVERJECT,9
LIPITOR 10MG TABLETS,9
METHYLPREDNISOLONE NOS,9
DIURETIC(S),9
CLARITHROMYCIN,9
DIABETA,9
LUVOX,9
DESOGESTREL/ETHINYL ESTRADIOL,9
SENNOSIDES,9
NEXIUM - 40MG,9
STEMETIL,9
SULCRATE,9
ORTHO 7/7/7 TABLETS (28 DAY),9
VALIUM 5 TAB,9
VITALUX,9
NOLVADEX,9
ALESSE 21,9
LAMICTAL,9
NITROFURANTOIN,9
LUDIOMIL,9
DONNATAL,9
ACETAMINOPHEN WITH CODEINE - CAPLET,9
CELLCEPT,9
INH,9
FERROUS FUMARATE,9
ASCORBIC ACID (VITAMIN C),9
CONCERTA,9
LEVITRA,9
C.E.S. TABLETS,9
TOFRANIL,9
CRESTOR - 10MG,9
SUSTIVA,9
FIORINAL,9
XYLOCAINE,9
292 TAB,9
DEXEDRINE,9
COPPER-T,9
DICETEL,9
MELLARIL,9
DIVALPROEX SODIUM,9
MICARDIS,9
PARACETAMOL,9
COGENTIN,8
AVIANE 21,8
PRINIVIL,8
DICLOFENAC SODIUM,8
SANDOSTATIN,8
LANSOPRAZOLE,8
PYRIDOXINE,8
RISPERIDONE (JANSSEN-ORTHO),8
ENALAPRIL,8
LEVOFLOXACIN,8
XENICAL 120MG CAPSULE,8
SURMONTIL,8
CYCLOPHOSPHAMIDE,8
PROPRANOLOL,8
MERIDIA,8
ANTIHISTAMINIC DRUGS,8
MODURET,8
VESICARE,8
CYESTRA-35,8
LOZIDE,8
MEVACOR,8
VITAMIN A,8
LECTOPAM,8
FISH OIL,8
THIORIDAZINE,8
MILK OF MAGNESIA,8
PEPCID,8
GARDASIL,8
MARVELON 28,8
DOCUSATE NOS,8
PENICILLIN,8
ARTANE,8
POTASSIUM (NOS),8
TERAZOL 3 VAGINAL OVULES 80MG,8
CYCLOSPORINE,8
MAXALT,8
HABITROL,8
LOMOTIL,8
RAN-ZOPICLONE,8
DIOVAN-HCT,8
ORTHO-NOVUM 1/80,8
CLOMID,8
PMS-CLONAZEPAM,8
FAMOTIDINE,8
LEFLUNOMIDE,8
PROCYCLIDINE HCL,8
ANCEF,8
AROMASIN,8
POTASSIUM,8
STELAZINE,8
PREPULSID,8
MATERNA,8
KALETRA,8
POTASSIUM CHLORIDE,8
AVASTIN,8
NOVO-SEMIDE,8
RESTORIL,8
CISAPRIDE,8
COD LIVER OIL,8
SYNAREL,8
ZOLADEX,8
PROSTIN E2 VAGINAL GEL,8
DIOVOL,8
PMS-CLONAZEPAM-R TAB 0.5MG,7
ATASOL TAB 325MG,7
LEVETIRACETAM,7
COREG,7
BACTRIM,7
TODAY CONTRACEPTIVE SPONGE,7
MINOCYCLINE,7
ENTOCORT CAPSULE 3MG,7
SOTALOL,7
VITAMIN B6,7
STELARA,7
NORMAL SALINE,7
NOVO-VENLAFAXINE XR,7
BROMOCRIPTINE,7
AMANTADINE,7
CAPTOPRIL,7
TRIMETHOPRIM-SULFAMETHOXAZOLE,7
LOVENOX,7
ZESTRIL,7
BETAHISTINE,7
CANESORAL,7
HYDROXYZINE,7
TUMS,7
MONISTAT DERM CREAM,7
HALCION,7
CARBOPLATIN,7
MAALOX,7
HALOPERIDOL,7
PMS-CLONAZEPAM TAB 2MG,7
NOVO VENLAFAXINE XR,7
PROCHLORPERAZINE,7
ZELDOX,7
BECLOVENT  -  AEM 50MCG/AEM,7
ANTICOAGULANTS,7
ETHISTERONE,7
APO-OMEPRAZOLE,7
FAMVIR,7
CYCLEN TABLETS (28 DAY),7
ALDARA 5% CREAM,7
TRAMADOL HYDROCHLORIDE,7
OXYCODONE-ACETAMINOPHEN,7
VISANNE,7
CORTICOSTEROID(S),7
QUESTRAN,7
MERCAPTOPURINE,7
CASODEX TAB 50MG,7
CLOTRIMAZOLE,7
NORVASC TAB 5MG,7
DIETHYLSTIBESTROL,7
CANESTEN 1% TOPICAL CREAM,7
VITAMIN K,7
MONISTAT,7
SEREVENT,7
DICLECTIN,7
ENTERIC COATED A.S.A,7
PHENERGAN,7
CIMZIA,7
GLUCOSAMINE & CHONDROITIN,7
BLOOD WHOLE,7
HYDROXYCHLOROQUINE,7
PALAFER,7
IMODIUM,7
APO-CITALOPRAM,7
SENNA,7
XATRAL,7
FLUTICASONE,7
ACCUPRIL,7
MEDROXYPROGESTERONE ACETATE,7
ALDORIL,7
LETROZOLE,7
LEVONORGESTREL,7
TORADOL,7
PERPHENAZINE,7
HUMULIN N INJ 100UNIT/ML,7
MIDAZOLAM INJECTION,7
NADOLOL,7
KEFLEX,7
LEVAQUIN,7
ZAROXOLYN,7
HYTRIN,7
TRIQUILAR 28,7
APO METOPROLOL,7
SALOFALK,7
ESTRADIOL,6
SEROPHENE TAB 50MG,6
FOSAVANCE,6
ZELNORM,6
DILTIAZEM,6
METOCLOPRAMIDE HCL,6
ANAPROX,6
INTRAUTERINE CONTRACEPTIVE,6
XARELTO,6
FLURAZEPAM HYDROCHLORIDE,6
DEMULEN,6
ANDRIOL CAP 40MG,6
PARLODEL,6
CHLOR-PROMANYL,6
APO-METFORMIN - TAB 500MG,6
BENLYSTA FOR I.V. INFUSION ONLY. 80MG/ML (RECONST.),6
AERIUS,6
HEPARIN SODIUM,6
TYLENOL WITH CODEINE,6
CHLORAL HYDRATE SYRUP,6
INVEGA SUSTENNA PRE-FILLED SYRINGE,6
ESTALIS 140/50 MCG,6
ATORVASTATIN,6
ADRENALIN CHLORIDE SOL 1:1000,6
MESALAZINE,6
ARANESP,6
MANERIX,6
ORTHO-NOVUM 2 MG,6
REVLIMID,6
CEFAZOLIN FOR INJECTION, USP,6
MOBICOX,6
APO-SULFATRIM,6
NEUPOGEN,6
TASIGNA,6
RAPAMUNE,6
METOCLOPRAMIDE,6
MONISTAT 3 DUAL-PAK,6
CHOLECALCIFEROL,6
PHENOBARBITAL,6
SELDANE,6
LISINOPRIL,6
SANDOSTATIN LAR 10MG,6
INTRON A,6
CO-TRIMOXAZOLE,6
CYCLOMEN,6
MAVIK,6
INVEGA,6
APO-METOPROLOL,6
NITRO-DUR,6
RATIO-TAMSULOSIN,6
AMILORIDE/HYDROCHLOROTHIAZIDE,6
ROGAINE TOPICAL SOLUTION,6
MONOCOR,6
ISOSORBIDE DINITRATE,6
TACROLIMUS,6
GLICLAZIDE,6
HYDRODIURIL,6
APO HYDRO,6
NIDAGEL VAGINAL GEL 0.75%,6
COMBIVIR,6
TALWIN NOS,6
HERBAL PREPARATION,6
METHYLPREDNISOLONE SODIUM SUCCINATE FOR INJECTION,6
DOSTINEX,6
TRILAFON,6
HYZAAR,6
EVRA   -(6/0.75),6
CORGARD,6
ABILIFY,6
ADVAIR DISKUS,6
TRUVADA,6
L-THYROXINE,6
LANTUS,6
SUDAFED,6
PIPERACILLIN FOR INJECTION, USP,6
STEROID(S),6
TERAZOSIN,6
SEPTRA DS TABLETS,6
APRI 21,6
LACTULOSE SYRUP,6
PROLIA PRE-FILLED SYRINGE. PRESERVATIVE-FREE.,6
ZOVIRAX,6
ORAP,6
TRIDURAL,6
SERC,6
PMS-CITALOPRAM,6
BACILLUS CALMETTE-GUERIN,6
BENZTROPINE,6
TEGRETOL CR,6
HYDROMORPH CONTIN,6
ANTI-INFLAMMATORY AGENTS,6
AVALIDE 150/12.5 MG,5
XALATAN,5
COVERA-HS,5
ADALAT P.A.,5
MEMANTINE,5
HERCEPTIN VIALS,5
DOCUSATE,5
PAIN MEDICATION,5
MORPHINE SULFATE,5
MULTIVITAMINS WITH MINERALS,5
PLATELETS,5
PORTIA 28,5
ZOMETA,5
TAZOCIN,5
EPINEPHRINE,5
SINEMET,5
CRESTOR - 5MG,5
DENOSUMAB,5
NOVOLIN GE NPH INJ SUS 100U/ML,5
DIDRONEL,5
OXYNEO,5
ENDOCET,5
SANDOZ BISOPROLOL,5
PIPOFEZINE HYDROCHLORIDE,5
MYSOLINE,5
DECADRON,5
ACEBUTOLOL,5
ORTHO-NOVUM 1/35,5
ANTACID,5
TYKERB,5
APO-DOMPERIDONE - TAB 10MG,5
IPRATROPIUM,5
LAMISIL,5
REBETRON,5
SALMON OIL,5
FLUOROURACIL INJ 50MG/ML,5
AVENTYL,5
SYNPHASIC-28 TABLETS,5
MARIJUANA,5
CARDIZEM CD,5
VIRACEPT,5
SORIATANE,5
FOSINOPRIL,5
PRODIEM PLAIN 672MG/GM,5
TAXOTERE,5
MICONAZOLE,5
ICE PACKS,5
TRYPTOPHAN,5
CHOLESTYRAMINE,5
MUSE,5
VALACYCLOVIR,5
SEROQUEL TAB 25MG,5
PMS-FERROUS SULFATE,5
ATIVAN SUBL,5
LEVODOPA-CARBIDOPA,5
NOVO-FINASTERIDE,5
ZERIT = D4T,5
MAGNOLAX,5
HISMANAL,5
ANDROGEL,5
MONISTAT CREAM,5
CIPRO XL,5
CLIMARA 25,5
CRIXIVAN,5
BREVICON,5
CARBOLITH,5
OXYTOCIN INJECTION, USP,5
PANTOPRAZOLE SODIUM,5
PIROXICAM,5
APRI 28,5
PROBIOTIC,5
3TC,5
PACKED RED BLOOD CELLS,5
HYPERTENSION MEDICATION,5
ANTIPSYCHOTIC(S),5
ELOCOM,5
SALINE,5
LIBRIUM,5
FLUOROURACIL,5
ZELBORAF FILM-COATED TABLET,5
DALACIN VAGINAL CREAM 20 MG,5
BENZTROPINE MESYLATE,5
TRENTAL,5
CHLORTHALIDONE,5
ETHINYL ESTRADIOL/LEVONORGESTREL,5
STUDY DRUG,5
SUPRAX,5
FOSCAVIR INJECTION-LIQ IV 24MG/ML,5
BACTRIM DS ROCHE TAB,5
NOVO-LORAZEM,5
DESIPRAMINE,5
RASILEZ,5
ALDARA,5
ALYSENA 21,5
CAPOTEN,5
DOXAZOSIN,5
CIPRALEX   -10MG,5
VANCOMYCIN HYDROCHLORIDE FOR INJECTION, USP,5
CLOPIXOL,5
EXELON,5
ZOMETA CONCENTRATE,5
DEMULEN 30 (28 DAY PACK),5
NOVOLIN,5
DIDROCAL,5
TYLENOL W CODEINE NO2 TAB,5
SANSERT,5
VERAPAMIL HYDROCHLORIDE INJECTION USP,5
CRINONE,5
LIPID MODIFYING AGENT,5
GAVISCON,5
NOVOQUININE,5
GLYCERIN SUPPOSITORIES,5
AFINITOR,5
RATIO-CITALOPRAM,5
CALAMINE LOTION,5
METHYLDOPA,5
AMPHOJEL,5
HYDROCORTISONE ACETATE CREAM USP,5
MOGADON,5
FENOFIBRATE,5
AZITHROMYCIN,5
MAXERAN,5
GLYSENNID,5
BRICANYL,5
BUSCOPAN,5
OMNARIS,5
DONG QUAI,5
RISEDRONATE,5
CECLOR,5
TYLOX,5
CLOBAZAM-10,5
SIBELIUM CAP 5MG,5
NATURAL PRODUCTS,5
SLEEPING PILL(S),5
FIORINAL TAB,5
ATROPINE,5
NOVO-HYDRAZIDE,5
ZYLOPRIM,5
BLACK COHOSH,5
ALDACTAZIDE,5
REYATAZ,5
DURAGESIC,5
IMIPRAMINE,5
PHENAZO,4
CLOMIPRAMINE,4
ARICEPT,4
LIQUICAL,4
DIABETES MEDICATIONS,4
TEVA-SPIRONOLACTONE,4
ALLEGRA,4
ALVESCO,4
ANTIDEPRESSANTS,4
EMO CORT LOTION 1%,4
TYLENOL NO 1 TAB,4
ESCITALOPRAM OXALATE,4
VENTOLIN FOR INHALATION,4
VIRAMUNE,4
COLCHICINE,4
CORTATE,4
PREPIDIL GEL,4
LINCOCIN,4
NOVO-ATENOL,4
NOVO-MEDRONE,4
CALCIUM 600 + VITAMIN D WITH SOY ISOFLAVONES,4
TOLOXIN,4
VERAPAMIL HCL,4
KETAMINE HYDROCHLORIDE INJECTION USP,4
PROGRAF,4
GEN-MEDROXY,4
TOPIRAMATE,4
MICRO-K EXTENCAPS,4
TRANXENE,4
CARBOCAL D,4
ANGELIQ,4
CATAPRES,4
APRESOLINE,4
LACTULOSE,4
SOLIRIS,4
NORVIR,4
ALESSE 21 TABLETS,4
HOMEOPATHIC MEDICATION,4
PAXIL CR,4
TYLENOL WITH CODEINE NO. 4 - TAB,4
SEASONALE,4
APO-KETOROLAC,4
VALPROATE SEMISODIUM,4
NATURAL HRT REGULAR,4
FENTANYL CITRATE INJECTION,4
LAXATIVES,4
ST JOHNS WORT,4
NORFLOXACIN,4
SULFONAMIDES,4
LUMIGAN,4
ACETAMINOPHEN AND CODEINE,4
MELATONIN,4
CALCITONIN,4
HORMONES,4
TOTAL ONE WOMEN 50+,4
DOPAMINE,4
MIDOL NIGHT-TIME,4
HYPNOTICS AND SEDATIVES,4
PENTAZOCINE,4
APO-BISOPROLOL,4
ERGONOVINE MALEATE INJECTION,4
COENZYME Q10,4
ASAPHEN EC,4
DALKON SHIELD,4
METFORMIN HYDROCHLORIDE,4
APO SULFATRIM DS TAB,4
TYLENOL EXTRA STRENGTH TAB 500MG,4
SANDOMIGRAN,4
ENTERIC COATED ASA,4
NAPROSYN SR 750MG TABLETS,4
VICTOZA MULTIDOSE PEN-INJECTOR. 30DOSES(0.6MG)-15DOSES(1.2MG)-10DOSES(1.8MG). 1/2/3,4
FLAGYSTATIN CREAM,4
LIDOCAINE,4
FLUPHENAZINE,4
CYTOMEL,4
CABERGOLINE,4
REQUIP,4
ANTIEMETICS,4
MINOXIDIL,4
TRIMETHOPRIM,4
PARIET, ENTERIC-COATED TABLET 20MG,4
CLIMACTERON INJECTION,4
CLOPIXOL DEPOT,4
EXJADE,4
LABETALOL,4
VOLTAREN SR,4
SURGAM,4
LOVASTATIN,4
ZOMIG,4
DETROL,4
ROCALTROL,4
PENICILLIN V,4
EPIRUBICIN HYDROCHLORIDE INJECTION,4
PERINDOPRIL,4
CHONDROITIN,4
NEOCITRAN,4
FIBYRAX  -  TABLET,4
SYNTOCINON INJ 50UNIT/5ML,4
BETAMETHASONE,4
GINSENG,4
GLYCERYL TRINITRATE,4
THYROID THERAPY,4
HYDROCORTISONE SODIUM SUCCINATE,4
SALAZOPYRIN,4
EURO D,4
ATACAND PLUS,4
STIVARGA,4
FLUIDS,4
CRYSTALLOID,4
CYKLOKAPRON 500 MG,4
M1T,4
BISACODYL,4
BRICANYL TURBUHALER,4
AMIODARONE,4
HUMULIN R INJ,4
REVITONUS C-1000,4
RISEDRONATE SODIUM,4
TYLENOL #3,4
MONOPRIL,4
URSODIOL,4
IRBESARTAN,4
LECITHIN,4
FIRMAGON,4
ZOLADEX LA INJ DEPOT 10.8MG,4
NOVO-PANTOPRAZOLE,4
PUREGON,4
ACYCLOVIR,4
GONAL-F,4
TICLID TAB 250MG,4
MODACON,4
SOMAVERT,4
PONSTAN,4
AVALIDE 300/12.5 MG,4
RATIO-MPA,4
DILTIAZEM CD,4
METHAMPHETAMINE,4
TRI-CYCLEN LO        (28 DAY),4
CENTRUM FORTE,4
CHEMOTHERAPY,4
ETIDRONATE,4
VIREAD,4
FLOXIN,4
AVONEX,4
PROGESTA-CARE,4
GARLIC,4
MEPROBAMATE TAB 400MG,4
RIBAVIRIN,4
ANDROCUR,4
TRIAMCINOLONE,4
CASODEX,4
PENICILLIN NOS,4
ARTHROTEC 50,4
NOLUDAR,4
FLUVOXAMINE,4
LOXAPAC,4
ZIAGEN,4
MALARONE,4
GINKGO BILOBA,4
GYNECURE VAGINAL OINTMENT 6.5% W/W,4
RIFAMPIN,4
OXYTOCIN,4
CATHETERS,4
SAW PALMETTO,4
ISORDIL,4
ESTROGENS (ORAL),4
FLEXERIL   -(10MG),4
LIPIDIL SUPRA,4
LOESTRIN 1.5/30 28DAY PACK,4
ZITHROMAX,4
TERCONAZOLE,4
MESASAL,4
MINESTRIN 1/20 28,4
ANTIPRURITICS (ANTIHISTAMINES, ANESTHETICS, ETC),4
ROLAIDS,4
APO-SIMVASTATIN,4
NORINYL,4
LIPITOR 20MG TABLETS,4
LUPRON,4
DELATESTRYL INJ 200MG/ML,4
ALFALFA,4
ANALGESIC,4
MIFEPRISTONE,4
TRAZODONE-50 - TAB 50MG,4
MINIQUEN,4
MONISTAT 1 VAGINAL OVULE,4
VACCINE(S),3
SECTRAL,3
VALSARTAN/HCTZ,3
IV DRUG(S)  NOT SPECIFIED,3
APO-NORFLOX - 400MG,3
NITROLINGUAL SPRAY 0.4MG/EAM,3
NORLESTRIN,3
PROCTOSEDYL,3
ACETAZOLAMIDE,3
MARVELON 21,3
RADIOTHERAPY,3
ADVAIR 250 DISKUS,3
RAPAMUNE ORAL SOLUTION,3
ONE ALPHA,3
RED BLOOD CELLS,3
OXYBUTYNIN HYDROCHLORIDE,3
HYZAAR DS 100/25 MG,3
CEFTIN,3
MONISTAT 3 VAGINAL CREAM,3
CHOLEDYL,3
SELENIUM,3
PINDOLOL,3
SODIUM AUROTHIOMALATE INJECTION BP,3
NIZORAL,3
LEVOCARNITINE,3
SUCRALFATE,3
PROFASI HP,3
NOVO-DOMPERIDONE - TAB 10MG,3
NOVO-RANIDINE TAB 150MG,3
GLUCOSAMINE SULFATE,3
OMEGA,3
ORTHO 1/35 TABLETS (28 DAY),3
TRANDATE,3
ANTIEPILEPTICS,3
CENTRUM MATERNA,3
PENICILLIN G,3
PERGONAL 75 I.U.,3
APO-CLINDAMYCIN,3
MS CONTIN,3
INTUBATION,3
ISENTRESS,3
CLIMARA,3
PLENDIL,3
PMS-FINASTERIDE,3
APO-TRAZODONE,3
NIACIN,3
FLUANXOL DEPOT,3
LIORESAL TAB 10MG,3
ADDERALL XR,3
BOTOX PWS INJ 100UNIT/VIAL,3
DIAMOX,3
RATIO-RANITIDINE,3
TIMOPTIC,3
OVIDREL,3
RITONAVIR,3
PENICILLIN VK,3
APO-AMITRIPTYLINE,3
MUCILLIUM,3
CHORIONIC GONADOTROPIN FOR INJECTION, USP,3
APO-IBUPROFEN,3
ISOPTIN SR,3
ETRAFON D TAB,3
NEORAL,3
COCAINE,3
ASTHMA MEDICATIONS,3
AVC CREAM,3
LIPIDIL EZ,3
TAPAZOLE 5MG TABLET,3
DIETHYLSTIBESTROL TAB 1MG USP,3
ECHINACEA,3
ROGITINE,3
APO FUROSEMIDE,3
INDOCID SR 75MG,3
INSULIN LENTE,3
VENLAFAXINE,3
KIVEXA,3
SITZ BATH,3
CODEINE CONTIN,3
DEPO-TESTOSTERONE INJ 100MG/ML,3
ACTOS,3
TESTIM 1%,3
BRICANYL TURBUHALER 0.5 MG/AEM,3
ALEVE,3
HEPTOVIR,3
TRIFLUOPERAZINE,3
PARACENTESIS,3
MONISTAT 1 COMBINATION PACK,3
VENOFER,3
KWELLADA-P LOTION,3
ATASOL FORTE TAB 500MG,3
PRENATAL MULTIPLE VITAMIN,3
NORITATE,3
LICORICE,3
PRIMROSE OIL,3
ZOLEDRONIC ACID,3
BENZYDAMINE,3
NOVO-TRIAMZIDE,3
BLOCADREN,3
RADIATION,3
OGEN,3
ALUPENT,3
TOBRAMYCIN INJECTION USP,3
CALCIUM TABLETS,3
CANESTEN CREAM 6,3
RISPERDAL M-TAB,3
APO-CANDESARTAN,3
JAKAVI,3
PORTIA 21,3
VIVOL,3
AVAMYS,3
BACTRIM ROCHE,3
BEE POLLEN,3
GEN-CLOZAPINE,3
MAGNESIUM CITRATE,3
DIALYSIS,3
THYMOGLOBULIN,3
DOXEPIN,3
TRI-CYCLEN TABLETS - 21-DAY,3
CARVEDILOL,3
DUVOID,3
EFFEXOR XR CAPSULES, 75MG,3
APO ALLOPURINOL,3
MODITEN,3
RYTHMOL,3
APO-ACETAMINOPHEN,3
TYLENOL NO1 FORTE TABLETS WITH CODEINE,3
PEPTO-BISMOL,3
SANDOZ TOPIRAMATE,3
IRON SUPPLEMENT,3
CIPRALEX   -20MG,3
APO-METFORMIN,3
K-DUR,3
APO-TRAMADOL/ACET,3
FLUANXOL,3
LINESSA 28,3
LITHANE,3
SYNTHROID - TAB 200MCG,3
FREYA 21,3
TEA TREE OIL,3
BIAXIN XL,3
TEVA-DIVALPROEX,3
MEDROXYPROGESTERONE ACETATE INJECTABLE SUSPENSION USP,3
THYROID HORMONES,3
TOPICORT GEL,3
AMOXICILLIN/CLAVULANATE,3
TRANSDERM-NITRO,3
CARBOCAL,3
PAMPRIN PMS CAPLETS,3
SAFE-T-COIL,3
MYCOPHENOLATE MOFETIL,3
SENOKOT TABLETS,3
KALIUM DURULES SRT 750MG,3
VERAPAMIL SR,3
POLYETHYLENE GLYCOL,3
LARGACTIL,3
LIPIDIL,3
FUCIDIN,3
282 TAB,3
LYSINE,3
GEN-METFORMIN - TAB 500MG,3
NOVO-SORBIDE,3
RAN-RABEPRAZOLE,3
THEO-DUR,3
MERREM,3
CALCIA,3
ALTACE HCT,3
REMERON RD,3
ORTHO-NOVUM 0.5 MG,3
APO-ATENOL,3
APO-DIVALPROEX,3
CHROMIUM,3
ESTALIS SEQUI,3
APO-KETOCONAZOLE 200MG TABLETS,3
NICORETTE GUM,3
NOVO-TAMOXIFEN,3
MANDRAX,3
METADOL,3
HORMONE REPLACEMENT THERAPY,3
CEFACLOR,3
MMR II,3
PEGASYS,3
CETIRIZINE,3
MULTILOAD CU 250 (DEVICE),3
SECONAL SODIUM PULVULE 240 0.1GM,3
EVENING PRIMROSE OIL,3
LAMISIL TAB 250MG,3
ASAPHEN  TAB  80MG,3
CURETTAGE,3
642 TAB,3
PROSTIN VR STERILE SOLUTION,3
DELFEN FOAM (DEVICE),3
MDMT (BMF HARDCORE),3
RAPAFLO,3
ALUMINUM HYDROXIDE/MAGNESIUM HYDROXIDE,3
ROSUVASTATIN CALCIUM,3
EMLA CRM,3
TYLENOL EXTRA STRENGTH EZ,3
PRISTIQ,3
CYANOCOBALAMIN TANNIN COMPLEX,3
NOVO-DIPAM,3
BETA CAROTENE,3
BEXTRA,3
OPHTHALMIC PREP.,3
DOCUSATE CALCIUM,3
TRAMADOL,3
ANXIOLYTIC AGENTS,3
MODECATE INJ 25MG/ML,3
INHIBACE,3
APO-CEFUROXIME,3
MOUTHWASHES,3
INTRAUTERINE DEVICE,3
MYLAN-TOPIRAMATE,3
APO-TIMOP,3
SODIUM BICARBONATE,3
SURFAK,3
BACTROBAN,3
ZERIT,3
ZYTRAM XL,3
TEQUIN,3
DIAMICRON MR 30MG,3
CAFERGOT,3
DIMETAPP (PPA),3
OPTICROM,3
RELAFEN,3
METRODIN 75 I.U.,3
TRIMETHOPRIM-SULFAMETHOXAZOLE DS,3
CEFUROXIME FOR INJECTION USP,3
CENTRUM SELECT,3
MONISTAT 7 VAGINAL CREAM,3
MYCLO,3
ESTRIOL CREAM (COMPOUNDED BY PHARMACIST),3
APO-METOCLOP,3
VASODILATOR AGENT(S),3
PMS-FLUOXETINE,3
NOVO-BUPROPION SR TABLETS,3
SYNTHROID - TAB 75MCG,3
D-TABS,3
PROPRANOLOL HYDROCHLORIDE INJECTION USP,3
GEN-METFORMIN,3
DEPAKENE,3
CALCIUM CHLORIDE,3
HYGROTON 50MG,3
MONITAN,3
CHORIONIC GONADOTROPIN HUMAN,3
VALIUM NOS,3
CLOTRIMAZOLE CREAM USP 1%,3
EXTRANEAL,3
PMS-ISONIAZID 300MG/TAB,3
VIMPAT,3
SPRYCEL,3
PRADAXA,3
STILBESTROL,3
PREXIGE,3
SYMBICORT 200 TURBUHALER,3
NOVO-CHLORPROMAZINE,3
NOVO-GESIC TAB 325MG,3
ACEBUTOLOL HYDROCHLORIDE,3
TEDRAL TAB,3
NOVO-SPIROZINE,3
ACTIVELLE,3
QUININE,3
TRAVATAN Z,3
ENOVID,3
PENTASA,3
URSODEOXYCHOLIC ACID,3
VALPROATE SODIUM,3
ETHAMBUTOL,3
VENLAFAXINE HYDROCHLORIDE,3
POLYSPORIN,3
NICOTINIC ACID,3
COMBIVENT,3
NITROGLYCERIN PASTE,3
PREMPLUS,3
NOVAMOXIN CAP 500MG,3
YASMIN 21,3
LOPERAMIDE,3
GEN-SIMVASTATIN,3
TESTOSTERONE,3
HERBAL PILL (S),3
RENEDIL,3
ORTHO-NOVUM 5 MG,3
OXEZE TURBUHALER,3
PACLITAXEL INJECTION,3
PEGETRON,3
UNIPHYL,2
IRINOTECAN HYDROCHLORIDE TRIHYDRATE FOR INJECTION,2
NAPROSYN                           /00256201/,2
SILICONE CREAM,2
APO-SULIN,2
KY JELLY,2
SLOW FE TAB 160MG,2
FAMCICLOVIR,2
NILSTAT,2
NOVO-ALPRAZOL,2
YOHIMBINE,2
TAMIFLU,2
BECONASE,2
PROPAFENONE,2
NOVO-LEXIN,2
GEN-CITALOPRAM,2
PROTEIN SUPPLEMENT,2
DELTASONE,2
NOVO-PHENIRAM 4MG,2
ZYPREXA  -2.5MG,2
BEVACIZUMAB,2
PURINETHOL,2
TETANUS TOXOID,2
BROMAZEPAM,2
CALCIUM & MAGNESIUM WITH VITAMIN D,2
REPLAVITE,2
AMLODIPINE BESILATE,2
MILK THISTLE,2
CARDURA,2
TRIMEBUTINE,2
MODECATE CONCENTRATE,2
IMMUNOSUPPRESSANTS,2
PENBRITIN,2
APO TRIAZIDE TAB,2
INHALERS,2
SANDOZ TAMSULOSIN,2
PHENTOLAMINE,2
VAGIFEM 10,2
APO-LOVASTATIN,2
MYLAN-TERBINAFINE,2
CLARUS,2
KENALOG,2
CLOPIDOGREL,2
NELFINAVIR,2
FLAGYSTATIN VAGINAL OVULE,2
PREDNISOLONE OPHTHALMIC,2
FLOVENT HFA,2
AVANDAMET,2
CYCLEN TABLETS 28,2
ZEPHIRAN LIQ 1.33MG/ML,2
BEMINAL WITH C FORTIS,2
GEN-CYCLOBENZAPRINE 10MG,2
TENUATE,2
GENTAMICIN SULFATE,2
ADALAT XL - SRT,2
NUTRAMAMMO,2
DIDANOSINE,2
HEMODIALYSIS,2
CAELYX,2
HUMALOG   (CARTRIDGE/KWIKPEN),2
CALTRATE PLUS,2
RESCRIPTOR TABLETS,2
MICONAZOLE 3 DAY OVULE TREATMENT 400MG,2
RHOXAL-BISOPROLOL,2
MIN-OVRAL 21,2
CEFUROXIME,2
MODITEN ENANTHATE INJ 25MG/ML,2
SABIN,2
MONISTAT 7 SUP VAG 100MG,2
TYLENOL ULTRA RELIEF,2
INNOHEP,2
SANOREX,2
MYLANTA,2
EXTAVIA,2
NEO-ESTRONE VAGINAL CREAM 1MG/GM,2
SODIUM CHLORIDE INJECTION, USP,2
FELODIPINE,2
PODOFILM LIQ 250MG/ML,2
FLAXSEED,2
PREGABALIN,2
FLUVIRAL,2
GASTROZEPIN TAB 50MG,2
LYNDIOL-22,2
NOVO-RISPERIDONE,2
MAJEPTIL TAB 10MG,2
TERAZOL 7 VAGINAL CREAM 0.4%,2
MAVIK (1MG),2
TEVETEN FILM-COATED,2
GYNE-T (DEVICE),2
CAL-MAG,2
ORABASE PASTE,2
DIPYRIDAMOLE,2
ORTHO DIENESTROL CRM,2
HUMEGON INJ 75 I.U.,2
MIRAPEX,2
PHOSPHATE-NOVARTIS,2
MYCOSTATIN,2
APO-METRONIDAZOLE,2
APO-RISPERIDONE,2
VIMOVO MODIFIED-RELEASE TABLET,2
ARTIFICIAL TEARS,2
VITALUX AREDS,2
LEUCOVORIN CALCIUM,2
COSOPT  -(2%/0.5% OPH DPS),2
FUCIDIN CREAM 2%,2
PROLIA,2
NOVO-MIRTAZAPINE TABLETS,2
NOVO-SPIROTON,2
ACTIVE WOMEN'S MULTIVITAMIN (PROGRESSIVE BRAND),2
MANDELAMINE,2
TEVA-MORPHINE SR,2
DIANEAL PD4 CAPD SOLUTION WITH 1.5% DEXTROSE AND 2.5MEQ/L CALCIUM,2
RATIO-DOMPERIDONE,2
CALCITE 500 + D3 400,2
TIOCONAZOLE,2
DROSPIRENONE/ETHINYL ESTRADIOL,2
IMAP INJ 2MG/ML,2
CELEBREX 200MG,2
CERVIDIL,2
PENTAMIDINE ISETHIONATE INJ 300MG/VIAL BP,2
EQUANIL TABLETS 400MG,2
MYLAN-ALPRAZOLAM,2
APO-NADOL,2
EURO D VITAMIN D3 400 IU,2
PMS-METHYLPHENIDATE,2
VINBLASTINE SULFATE INJECTION,2
POLYMOX,2
COMBIGAN,2
STOMACH MEDICATION,2
ATROMID-S,2
PREMARIN W/ METHYLTESTOSTERONE,2
LEXAPRO,2
NOVAMOXIN,2
LONITEN,2
FUSIDIC ACID,2
PROSTIN E2 TABLETS,2
TEGRETOL CHEWTABS,2
GLICLAZIDE MR,2
QVAR,2
DEXTROMETHORPHAN,2
ADVAGRAF,2
TEVA-PRAVASTIN TABLETS,2
GONADOTROPIN RELEASING HORMONE AGONIST,2
TNKASE,2
MIACALCIN NASAL SPRAY 200 IU,2
CANESTEN COMBI-PAK CREAM 1,2
MINIPRESS,2
IMFERON,2
CELEXA 20 MG,2
TYLENOL #3 (CANADA),2
MONTELUKAST,2
APO-ESOMEPRAZOLE,2
SECROVIN,2
PHYTONADIONE,2
APO-LISINOPRIL,2
ETHINYL ESTRADIOL,2
CO CIPROFLOXACIN TABLET, 500MG,2
FERINSOL SYR,2
STATEX,2
NITROLINGUAL PUMPSPRAY,2
LEVEMIR PENFILL,2
VITARUB,2
CORDARONE,2
LUTEIN,2
GEN-CARBAMAZEPINE,2
ACETAMINOPHEN WITH CODEINE AND CAFFEINE,2
DERMOVATE,2
GONAL-F PEN,2
MELPHALAN,2
TICLOPIDINE-250,2
CALCIUM & MAGNESIUM,2
DIPENTUM,2
RHINARIS,2
DOVOBET,2
PAIN KILLERS,2
MINOCIN,2
TRILEPTAL,2
ANUSOL,2
MODAFINIL,2
IMMUNE GLOBULIN INTRAVENOUS (HUMAN),2
CELSENTRI,2
EMO CORT,2
UNKNOWN MEDICATION,2
SEROQUEL 300 MG,2
KENACOMB ONT,2
CO QUETIAPINE,2
FERROUS FUMARATE TABLET USP,2
LENOLTEC W/ CODEINE,2
VITAMIN B50 COMPLEX,2
LEVOBUNOLOL HYDROCHLORIDE OPHTHALMIC SOLUTION,2
COVERSYL - 2MG TAB,2
ZENHALE,2
TAMOFEN,2
DANTRIUM,2
NOVO-LORAZEM TAB 1MG,2
ZOMAX,2
BETA-BLOCKING AGENTS,2
DEMO-CINEOL,2
ZYPREXA - 5MG,2
BEZALIP TAB 200MG,2
NOVO-TRIPTYN,2
DICYCLOMINE HYDROCHLORIDE USP,2
MENOPUR,2
OPIOID (S),2
TOLBUTAMIDE TAB 500MG,2
CALTRATE,2
HYDRATION,2
RHOVANE,2
MONISTAT 7 DUAL-PAK,2
INHIBACE PLUS - TAB,2
APO-CLARITHROMYCIN,2
MR.BUBBLE,2
UNSPECIFIED PROSTATE MEDICATIONS,2
ESOMEPRAZOLE MAGNESIUM TRIHYDRATE,2
PHENYLEPHRINE HCL,2
APO-FLUOXETINE,2
VASELINE ORIGINAL PETROLEUM JELLY,2
NAQUA,2
KEPPRA,2
NEO-CORTEF,2
VIDEX,2
SODIUM CHLORIDE,2
FELDENE,2
NITRAZADON,2
AVANDIA 8MG,2
FLUTICASONE PROPIONATE/SALMETEROL XINAFOATE,2
NOVO-BETAHISTINE,2
BACTROBAN CREAM,2
CYTOXAN,2
DARVON N 100MG CAP,2
ACCUPRIL TAB 10MG,2
LYCOPENE,2
BETAGAN,2
NUTRIFER PLUS TABLETS,2
TEVA-VENLAFAXINE XR,2
OPTIRAY 320 INJ 320MG/ML,2
RELENZA,2
METROGEL 0.75%,2
DOLOMITE TAB,2
OVER THE COUNTER COLD & FLU MEDICINE,2
RIBOFLAVIN,2
DOXORUBICIN HYDROCHLORIDE INJECTION,2
TRIMIX,2
IGFLEX,2
CEFZIL,2
MODULON,2
APO-ALPRAZ,2
CHLORAMPHENICOL,2
MUCAINE - SUS,2
ISOPTIN,2
APO-RANITIDINE TABLET 150MG,2
PMS-GABAPENTIN,2
FEMHRT 1/5,2
ARTHROTEC 75,2
NICODERM,2
SPORANOX,2
FLEET ENEMA,2
ZANAFLEX,2
TAPAZOLE,2
DAUNORUBICIN HYDROCHLORIDE FOR INJECTION,2
PSEUDOEPHEDRINE,2
TERBINAFINE,2
TEVA-LANSOPRAZOLE,2
BUPIVACAINE/MORPHINE EPIDURAL,2
OMEGA-3,2
DIOVAN 160MG TABLETS,2
METHYLPHENIDATE,2
HOMATROPINE 5%,2
HUMULIN,2
DPT-POLIO-HIB   - SUS IM,2
ANTABUSE,2
TRIAZOLAM,2
CATHETERS URETHRAL,2
APO FOLIC ACID TAB 5MG,2
PENTAMIDINE ISETHIONATE,2
INSULIN ISOPHANE,2
CHLORHEXIDINE,2
SANDOZ FINASTERIDE,2
PERTOFRANE,2
SCOPOLAMINE,2
MYFORTIC,2
CISPLATIN INJECTION,2
SEPTRA INJECTION,2
ESTROGENS CONJUGATED,2
VELCADE,2
PMS-BISOPROLOL,2
APO-SALVENT,2
VIAGRA 100MG,2
SINTROM,2
NEOSTIGMINE METHYLSULFATE INJECTION USP,2
VIMPAT FILM-COATED TABLETS,2
ASA 81 MG,2
SSRI,2
PRADAXA KNOWN AS PRADAX,2
NORFLEX,2
LEVSIN,2
COTAZYM CAP,2
PREZISTA,2
NORVIR SEC,2
NOVO-CIMETINE,2
BECLOMETHASONE,2
BENZOIN (TINCTURE),2
DEFIBROTIDE,2
GEN-RANITIDINE,2
TERFENADINE,2
QUININE SULFATE,2
ADRIAMYCIN,2
TEVA-PRAVASTATIN,2
NYSTATIN TOPICAL OINTMENT 100000UNIT/GM,2
ONCOTICE,2
CALCITE D,2
METHYLPREDNISOLONE ACETATE,2
MIACALCIN,2
OVRAL 28TAB,2
ANAESTHESIA LOCAL,2
DULOXETINE HYDROCHLORIDE,2
ANTI-DEPRESSANTS,2
TRIPLEX,2
IMDUR - EXTENDED RELEASE TABLETS 60 MG,2
CHLORPROMANYL,2
PHAZYME,2
MYLAN-CLOPIDOGREL,2
PLACIDYL,2
SILDENAFIL,2
NAVANE,2
COUGH, COLD AND FLU THERAPIES,2
FORTOVASE ROCHE,2
LOPID,2
NOVO-HYDROXYZIN,2
TARO-WARFARIN,2
TELMISARTAN,2
GEN-TAMOXIFEN,2
BETNOVATE-N CREAM,2
NOVO-TERAZOSIN,2
TESTOSTERONE ENANTHATE,2
DIA-VITE,2
NU-AMOXI,2
ADVAIR 125,2
HALOTHANE,2
DILATATION,2
TOVIAZ,2
MILK,2
PAIN KILLER,2
PARACILLIN SP,2
PEN-VEE,2
SANDIMMUNE,2
INTERFERON BETA (NOS),2
MULTIVITAMINS PLUS IRON,2
CLARITIN ALLERGY + SINUS,2
PLAQUENIL                          /00072602/,2
KENACOMB,2
PMS-CYCLOBENZAPRINE - TAB 10MG,2
NILSTAT VAG TAB 100000UNIT,2
STAVUDINE = D4T,2
FLAGYSTATIN,2
NOVO-ALPRAZOLAM,2
SYNTHROID - TAB 100MCG,2
CYTARABINE INJECTION,2
TAMIFLU CAPSULE 75MG,2
BECONASE AQ NASAL AEM 50MCG/AEM,2
ZOLPIDEM,2
NOVO-PREDNISONE,2
ZYPREXA - 10MG,2
TENORETIC,2
MARVELON 21 TAB,2
DIABINESE,2
MEDROL,2
TEVA-TELMISARTAN HCTZ,2
DICOUMAROL,2
HEMABATE,2
ORPHENADRINE,2
CALSAN,2
MILLEPERTUIS,2
ANTIDEPRESSANTS TRICYCLICS,2
MINOCYCLINE-100 - CAP 100MG,2
ROBAXIN,2
PENICILLAMINE,2
MORPHINE SULFATE SR,2
ESOMEPRAZOLE,2
APO-MEFENAMIC,2
KENALOG-10 INJECTION 10MG/ML,2
PMS-FAMCICLOVIR,2
NEO ESTRONE,2
FAT BURNING PILL,2
FLAMAZINE CRM 1%,2
NOROXIN,2
LINESSA 21,2
PRO-BANTHINE,2
FRESH FROZEN PLASMA,2
DARAPRIM,2
BETADINE,2
PROVIODINE SOLUTION,2
NOVO-RIDAZINE,2
MAGNESIUM SULFATE,2
BIAXIN - 125MG/5ML,2
RAN-CITALOPRAM,2
TEVA-TRIMEL DS TAB,2
GREEN TEA,2
RATIO-QUETIAPINE,2
METHOTRIMEPRAZINE,2
TIMOLOL,2
DIPHTHERIA AND TETANUS TOXOIDS WITH PERTUSSIS VACCINE ADSORBED,2
ORTHO 10/11 TABLETS (28 DAY),2
TRANEXAMIC ACID,2
MIN-OVRAL 28,2
HYDROXYQUINOLINE SULFATE,2
DYCHOLIUM TABLET 300MG,2
PAMIDRONATE DISODIUM FOR INJECTION,2
INCIVEK,2
SABRIL,2
CHLOR-TRIPOLON,2
EPA-DHA,2
EPIPEN,2
MSM,2
UREMOL,2
CLIMARA 100,2
ETOPOSIDE INJECTION, USP,2
NARDIL,2
CLORAZEPATE,2
EXTRA STRENGTH CALCIUM ANTACID CHEWABLE TABLETS,2
APO-TRAZODONE TABLETS 50MG,2
COACTIFED,2
PODOPHYLLIN,2
NIACINAMIDE,2
FIBRISTAL,2
NITRAZEPAM-5,2
VITAMIN D + CALCIUM DIETARY SUPPLEMENT,2
VYVANSE,2
CORTISONE ACETATE,2
SULFAMETHOXAZOLE AND TRIMETHOPRIM,2
XGEVA SINGLE-USE VIAL. FOR S.C. USE ONLY. PRESERVATIVE-FREE.,2
FRISIUM TABLET 10MG,2
DARVON-N,2
NOVO-METHACIN,2
ZOPLICONE (UNK INGREDIENTS),2
OMEGA 3-6-9,2
RATIO-SALBUTAMOL,2
ORACON,2
AMILORIDE HYDROCHLORIDE TABLETS, USP,2
OVOL,2
MICRO-K-10 EXTENCAPS SRC 750MG,2
ANSAID,2
MINERAL SUPPLEMENTS,2
SALAGEN TABLETS,2
ENDOMETRIN,2
PENLAC,2
SANDOZ CEFPROZIL,2
SANDOZ FAMCICLOVIR,2
UROFOLLITROPIN,2
INVIRASE,2
ESTALIS 250/50 MCG,2
KAOPECTATE,2
SEX HORMONES AND MODULATORS OF THE GENITAL SYSTEM,2
PMS-ASA EC,2
NATIVE WOMAN,2
NEOSPORIN OINTMENT,2
VITALUX PLUS,2
LEUKERAN TAB 2MG,2
SULFATRIM,2
FLUID(S),2
PROBIOSTAT,2
GEMFIBROZIL,2
BENZODIAZEPINES,2
M-ESLON,2
GEN-RAMIPRIL,2
ADRENAMIN,2
TEVA-OLANZAPINE OD,2
NYSTATIN TOPICAL CREAM 100000UNIT/GM,2
THERAPEUTIC RADIOPHARMACEUTICALS,2
RATIO-ECTOSONE,2
RATIO-VENLAFAXINE XR,2
DITROPAN TABLETS 5MG,2
TORECAN,2
ANABOLIC STEROID,2
PACIS,2
ANTI ALLERGIC AGENTS,2
PAPAVERINE HYDROCHLORIDE INJECTION USP,2
MIXED TOCOPHEROL VITAMIN E 400 IU,2
IMATINIB,2
ELMIRON   -(100MG),2
PEG-INTRON,2
MOMETASONE FUROATE,2
INDOMETACIN,2
CESAMET,2
INSULIN N,2
INSULIN TORONTO,2
MULTI-VITE,2
SEASONIQUE,2
ISOTRETINOIN,2
PLACEBO,2
KLONOPIN,2
NEULASTA,2
VINCRISTINE SULFATE INJECTION USP,2
CODEINE PHOSPHATE,2
PRANDASE,2
WESTCORT CRM 0.2%,2
SULTRIN TRIPLE SULFA CRM,2
PRIMAXIN INJ,2
CUPRIMINE,2
BECLOMETHASONE DIPROPIONATE ORAL INHALER,2
GEN-BECLO AQ,2
TEVA-RISEDRONATE,2
BUSPIRONE,2
ONE A DAY TAB,2
CALCITRIOL,2
CALCIUM SANDOZ,2
HYCODAN,2
CANESTEN COMFORTAB 1,2
RIVASA FC,2
TYLENOL ARTHRITIS PAIN,2
INFUFER,2
CETROTIDE,2
ENSURE,2
INTERFERON ALPHA,1
CHLORPROPAMIDE,1
SANDOZ OMEPRAZOLE,1
ERGOTRATE MALEATE TABLET 1572 0.2MG,1
APO-FAMOTIDINE,1
PILOCARPINE,1
APO-LISINOPRIL/HCTZ,1
MYLAN-FINASTERIDE,1
ETHINYL ESTRADIOL - NORETHINDRONE ACETATE,1
VENTILATION,1
NEEM ACTIVE TOOTHPASTE,1
CO METFORMIN,1
PMS-RISPERIDONE,1
NEURO-TRASENTINE FORTE,1
VIOKASE,1
SOMATULINE AUTOGEL,1
FERMENTOL LIQ 100MG/30ML,1
ASASANTINE CAP,1
PONDIMIN TAB 20MG,1
LEDERON,1
VITAMIN B1,1
COMTAN,1
STATINS,1
PRAZOSIN,1
VIVAGLOBIN,1
STRESS TAB FORMULATION UNKNOWN,1
FLONASE ALLERGY AQUEOUS NASAL SPRAY,1
PRENATAL VITAMIN & MINERAL SUPPLEMENT,1
LIDEMOL 0.05%,1
SUPEUDOL 5,1
CYTADREN TAB 250MG,1
NOVO-DILTAZEM CD 240 MG,1
LOPROX,1
GANCICLOVIR,1
ABACAVIR,1
LUTETIUM,1
TASMAR,1
BERNBERG BOW,1
MACRODANTIN,1
TEMODAL,1
GEN-TOPIRAMATE,1
DESICCATED THYROID (PORCINE),1
NOVO-TRIMEL DS TAB,1
BLOOD TRANSFUSION,1
NU-FAMOTIDINE,1
MEDICATION,1
GRANULOCYTE COLONY STIMULATING FACTOR (G-CSF),1
ALDACTONE 25 MG,1
THIOSULFIL,1
HEART PILL,1
C-QUENS,1
RATIO-MINOCYCLINE,1
TIGECYCLINE SINGLE USE VIALS,1
ORINASE,1
HRT,1
CALMAG NOS,1
ORUDIS,1
HYDERM CRM 1%,1
CANNABIS,1
RHINOCORT,1
DOVONEX,1
TRI-CYCLEN LO,1
HYDROVAL OINTMENT 0.2%,1
RISPERDAL ORAL SOLUTION 1MG/ML,1
DURALITH TAB 300MG,1
ROBAXACET,1
EFFEXOR TABLETS, 75MG,1
PARAFON FORTE,1
ANUSOL PLUS OINTMENT,1
TRUSOPT,1
CENTRUM,1
RUTOSIDE,1
CHEESE,1
PEPPERMINT ESSENTIAL OIL,1
APO-CARBAMAZEPINE,1
APO-CHLORTHALIDONE,1
UNKNOWN MEDICATIONS,1
APO-FERROUS SULFATE,1
IRON DEXTRAN INJ 100MG/ML,1
ESTRADOT 100,1
VANCOMYCIN,1
JAMP-CALCIUM,1
SEROQUEL TAB 100MG,1
ETHYLENEDIAMINE,1
APO-OXAZEPAM,1
EXDOL,1
PMS-DOMPERIDONE,1
APO-TAMSULOSIN CR CONTROLLED-RELEASE TABLET,1
L-ASPARAGINASE,1
VICTRELIS,1
CO VENLAFAXINE XR,1
FANSIDAR TABLETS,1
PMS-TRAZODONE,1
ARNICA,1
NEW ROOTS ACIDOPHILUS ULTRA,1
NIMOTOP,1
LERITINE,1
CONJUGATED LINOLEIC ACID (CIA),1
ATENOLOL-50 TAB 50MG,1
COVERSYL - 4MG TAB,1
SUPREFACT INTRANASAL SOLUTION 1MG/ML,1
PRO-AZITHROMYCINE,1
LISINOPRIL / HYDROCHLOROTHIAZIDE,1
YUTOPAR,1
SYNTHROID - TAB 125MCG,1
BACTRIM ROCHE TAB,1
CYTOSAR,1
GARDENAL,1
PROPOFOL INJECTION,1
DAPSONE,1
ACCOLATE TAB 20 MG,1
LUVOX 100 MG,1
BETA-CAROTENE, C, E PLUS SELENIUM CAPSULE,1
PROVERA 10MG TABLETS,1
ACIDOPHYLUS,1
MAGNESIUM OXIDE,1
DESONIDE,1
TEVA-CITALOPRAM,1
BOOSTRIX,1
RAN-ATORVASTATIN,1
ADVIL EXTRA STRENGTH LIQUI-GELS,1
TEVA-TRIAMTERENE/HCTZ,1
RATIO-AMCINONIDE CREAM 0.1%,1
MENRIUM,1
THYROCARE,1
RATIO-PROCTOSONE,1
OPIOID ANTAGONIST,1
METHOTREXATE INJECTION, USP,1
TIMENTIN,1
HEXAVITAMINS TAB,1
REGLAN,1
DIPHTHERIA AND TETANUS TOXOIDS ADSORBED,1
METOPROLOL TARTRATE,1
DOCUSATE SOD CAP 100MG,1
ORUDIS SR-200,1
AMOXI-CLAV,1
HYDREA CAP 500MG,1
HYDROXYQUINE,1
CASCARA SAGRADA,1
PAMIDRONATE DISODIUM,1
MINOXIDIL (5% EXTEMPORANEOUS COMPOUND),1
IDAMYCIN,1
ROBAXISAL C-1/8 TABLETS,1
EFFIENT,1
APO BENZTROPINE MESYLATE TAB 2MG,1
TRYPTOPHAN (PHYSICIANS FORMULA),1
APO-ACYCLOVIR,1
ENZYME,1
PEPTOL,1
URECHOLINE,1
CHOLINE BITARTRATE,1
ESOMEPRAZOLE MAGNESIUM TRIHYDRATE/NAPROXEN,1
PHENYLEPHRINE HYDROCHLORIDE INJECTION USP,1
APO-FLUTAMIDE,1
MUTAMYCIN,1
VALGANCICLOVIR,1
PIPCIDE (VET),1
VASERETIC,1
K10,1
ETOPOSIDE,1
APO-RAMIPRIL,1
NARATRIPTAN HYDROCHLORIDE,1
CLOPIXOL-ACUPHASE 50MG/ML,1
LAC-HYDRIN LOTION 12%,1
VIDEX EC,1
CO-TRIMOXAZOLE DS,1
LAPARASCOPY,1
COLD-FX EXTRA STRENGTH,1
FIBER,1
ASPIRIN ARTHRITIS PAIN RELIEF 650 MG,1
POTASSIUM (SANDOZ),1
NITRAZEPAM,1
CONTAC COUGH  COLD AND FLU CAPLETS,1
STEROID,1
ATIVAN SUBLINGUAL TABLETS,1
NOCTEC,1
VOTRIENT,1
SULFADIAZINE,1
CRANBERRY,1
AVONEX PS,1
PRO-CAL D 400,1
NOVO-BICALUTAMIDE TABLETS,1
Z-MASS PM,1
SYNTHROID - TAB 25MCG,1
FREYA 28,1
BARACLUDE,1
D-GEL 1000,1
NOVO-FOSINOPRIL,1
TAMSULOSIN CR,1
DARVON N COMPOUND PULVULE 405,1
NOVO-METFORMIN TAB 500MG,1
ACCURETIC,1
TEAR-GEL OPHTHALMIC,1
TEVA-HYDROCHLOROTHIAZIDE,1
RAN-METFORMIN,1
NUTRIMINC RE9 REALITY DAY CREME WITH SPF 8,1
MEFENAMIC ACID,1
RATIO-CEFUROXIME,1
OMEGA 3 SELECT (ADRIEN GAGNON),1
ALENDRONATE SODIUM/VITAMIN D3,1
THYROID PX,1
DINOPROSTONE,1
ALPROSTADIL INJECTION, USP,1
METHYL SULFONYL METHANE,1
HISMANAL TAB 10MG,1
CALCIUM CARBONATE WITH VITAMIN D,1
RELPAX,1
AMICAR,1
METROGEL 1%,1
RESTECLIN,1
DOM-ATORVASTATIN,1
HYDROCORTISONE 1%,1
RIDAURA,1
MINERAL OIL,1
TRIATEC-30 TAB,1
DYRENIUM,1
TRIMO-SAN VAGINAL JELLY,1
ILETIN I NPH INSULIN,1
CEFZIL TABLETS - 500MG,1
ROCEPHIN,1
ELECTROCONVULSIVE THERAPY,1
PARSITAN 50MG,1
APO FLURAZEPAM,1
SAGEE,1
INSULIN GLOBIN ZINC,1
CHLORASEPTIC,1
SANDOZ ESTRADIOL DERM 50,1
PERJETA 14ML VIAL - CONCENTRATE SOL.,1
APO-CLOZAPINE,1
URITOL TAB,1
SAVLON HOSPITAL CONCENTRATE,1
VALIUM INJ ROCHE 5MG/ML,1
KANAMYCIN,1
CLIMARA 50,1
PMS-ANASTROZOLE,1
KETOPROFEN SUPPOSITORIES,1
CLOTRIMAZOLE CREAM USP,1
EXTRA STRENGTH TYLENOL COLD DAYTIME,1
PMS-ISMN,1
FEMMED HORMONAL BALANCE,1
NICODERM 7 MG,1
COLPERMIN ENTERIC COATED CAP 187MG,1
SPOROSTACIN,1
NITRO-DUR 0.2,1
VITAMIN D3 1000 IU TABLETS,1
STIEVAA,1
FLEET PHOSPHO-SODA ORAL LAXATIVE,1
NOLVADEX-D TAB 20MG,1
WATER,1
FLUDARABINE PHOSPHATE FOR INJECTION,1
PREVEX CRM 67%,1
CROMOLYN NASAL MIST,1
SWISS ONE 80,1
FOLLICLE STIMULATING HORMONE (RECOMBINANT),1
PRO-ZOPICLONE,1
NOVO-CHLOROQUINE TAB 250MG,1
LIVER TRANSPLANT,1
SYNTOCINON NASAL SPRAY,1
BAYCOL,1
DACARBAZINE FOR INJECTION BP,1
NOVO-GABAPENTIN,1
292 FROSST W/PHENACETIN,1
GEMCITABINE FOR INJECTION, USP,1
BENYLIN DM-D-E SYR,1
PROPYLTHIOURACIL,1
LYSIS OF ADHESIONS,1
ZOSTRIX CREAM 0.025%,1
GEN-PAROXETINE,1
BETAMETHASONE DIPROPIONATE,1
PSORALEN(S),1
TERBUTALINE SULFATE,1
GLAXAL BASE CRM,1
BIOCAL-D-FORTE,1
QUINAPRIL,1
DEXAMETHASONE SODIUM PHOSPHATE INJ,1
NOVORAPID FLEXTOUCH - PREFILLED MULTIDOSE DISPOSABLE INSULIN DELIVERY DEVICE CONTAINING A 3ML CARTRIDGE,1
MAXALT RPD,1
GLYCON,1
BREWERS YEAST,1
RAN-RAMIPRIL,1
AGGRENOX,1
MEGACE,1
THEOPHYLLINE,1
THYROSENSE,1
HEPATITIS A VACCINE,1
RATIO-TECNAL C 1/2,1
DIOVAN 80MG,1
ORAL-B ANTIBACTERIAL WITH FLUORIDE ALC.FREE,1
ALTEPLASE (T-PA),1
METHYLPHENIDATE TAB 10MG,1
CALCIUM CITRATE WITH VITAMIN D,1
AMINOPHYLLINE,1
TORADOL IM 10MG/ML,1
HUMULIN 30/70 (INSULIN HUMAN BIOSYNTH INJ),1
CANESTEN 100MG VAGINAL INSERTS,1
RETIN-A,1
OVRAL 21 TABLETS,1
MIDAMOR TABLETS 5MG,1
TRASTUZUMAB,1
HYDROCORTISONE VALERATE,1
RIOPAN,1
OXYTROL,1
MINESTRIN 1/20 21,1
TRICOFURAN,1
HYOSCINE,1
RIVA-METFORMIN,1
PANTOTHENIC ACID,1
ELIGARD 22.5MG,1
MOLYBDENUM,1
ENEMAS,1
APO-ATOMOXETINE,1
MONOCOR         -(10MG),1
ULTRA-CARE FEMININE HYGIENE SPRAY,1
INSULIN SULPHATED,1
CHLOROQUINE PHOSPHATE,1
SANDOZ FINASTERIDE A,1
PERTUSSIN COMPOUND 8,1
MULTAQ,1
URSO,1
PHYTO SOYA,1
ISOTAMINE,1
ESTROVEN,1
PITRESSIN INJ 10 UNIT/0.5ML,1
NACL,1
KAYEXALATE,1
CLOBAZAM,1
SHARK OIL,1
PMS-CILAZAPRIL,1
APO-SALVENT AEM 100MCG,1
VIBRA-TABS 100MG,1
EYE DROPS,1
NERDS MUD FINGER PAINT BUBBLE BATH,1
NICOTINE,1
FIORINAL C1/2 CAP,1
ATACAND TAB 16 MG,1
LEUSTATIN 1MG/ML,1
VITAMIN(S) & MINERAL(S),1
FLOLAN,1
COTAZYM ECS,1
FLUNISOLIDE NASAL SPRAY,1
AVEENO ACTIVE NATURALS ECZEMA CARE MOISTURIZING CREAM,1
PRIMAXIN,1
XYLOCAINE VISCOUS 2%,1
SYNALAR CREAM,1
BACID,1
PROCAINAMIDE,1
NOVO-CLOBAZAM,1
ZARONTIN CAP 250MG,1
BECLOMETHASONE DIPROPIONATE NAS-SPR 50MCG/AEM,1
PROMETHAZINE,1
DAILY LEAN CAPSULES - PM,1
NOVO-GLYBURIDE TAB 2.5MG,1
5-HTP,1
ZOFRAN,1
TARO-DOCUSATE,1
GEN-AMANTADINE - CAP 100MG,1
BENZOYL PEROXIDE/CLINDAMYCIN,1
DEHYDROEPIANDROSTERONE,1
NOVO-NAPROX TAB 250MG,1
GEN-RISPERIDONE,1
BETHANECHOL,1
PULMICORT NEBUAMP,1
NOVO-TAMOXIFEN TAB 20MG,1
MAXIDOL LIQUID GELS LIQUID-FILLED,1
DIBENZYLINE,1
O24,1
ALBUMIN (HUMAN) 5% SOLUTION,1
THIAMINE,1
BUSPAR TAB 5MG,1
RATIO-FENTANYL,1
DIOVAN-HCT 160MG/12.5MG,1
ORGALUTRAN,1
ALTI-TERAZOSIN,1
CALCIUM PLUS MAGNESIUM,1
RENAGEL,1
AMIODARONE HCL,1
HYCAMTIN,1
TRAZODONE HYDROCHLORIDE,1
HYDROLYZED WHEY PROTEIN,1
CARDIOMAG 2,1
DURABOLIN,1
PACLITAXEL FOR INJECTION,1
RIVASA 80MG - TAB,1
ECTOSONE,1
ANTITHYMOCYTE IMMUNOGLOBULIN,1
TRIQUILAR 21,1
RONIACOL SUPRASPAN,1
ELOXATIN,1
APO K TAB 600MG,1
INFLUENZA VACCINE,1
CETIRIZINE HYDROCHLORIDE,1
ENOXAPARIN,1
ULTRAVATE,1
INTELENCE,1
SANDOZ MONTELUKAST TABLET,1
PHENAPHEN,1
VACCINE FOR BOILS,1
IRBESARTAN/HCTZ,1
CILAZAPRIL,1
MYLAN-CYCLOBENZAPRINE,1
ISUPREL MISTOMETER AEM 0.25%,1
SEREVENT DISKUS (50MCG/DOSE),1
APO-NAPROXEN,1
KELP,1
CLOMIPHENE CITRATE,1
SILICA GEL,1
NAXEN,1
SLOW -K,1
F.D.S. VAGINAL SPRAY,1
PMS-OXYCODONE,1
AREPANRIX H1N1,1
LAMIVUDINE,1
VIOFORM + HYDROCORTISONE,1
SOMATROPIN,1
PONDERAL,1
COMFORT SHIELD,1
STRESS CAPS,1
WINRHO,1
SUPEUDOL,1
CV MATRIX,1
BACTIGRAS,1
CYSTEIN,1
NOVO-CYCLOPRINE TABLETS 10MG,1
TAMBOCOR,1
GAMMA GLOBULIN,1
PRONESTYL,1
NOVO-KETOROLAC - TAB 10MG,1
A. VOGEL MENOPAUSE,1
PROTAMINE SULFATE INJECTION, USP,1
DELSYM DM SUSPENSION 30MG/5ML,1
NOVO-PERIDOL,1
GEN-TERBINAFINE,1
BETOPTIC LIQ,1
PURG-ODAN,1
TESTOSTERONE PROPIONATE INJ,1
NU-COTRIMOX,1
ADVAIR 250,1
MECLIZINE HYDROCHLORIDE,1
TEVA-SILDENAFIL,1
BROFAROMINE,1
ALDACTONE 100 MG,1
BUTAGESIC,1
RATIO-METHOTREXATE SODIUM,1
ONE A DAY WOMEN 50 PLUS,1
ALLBEE WITH C 550 CAP,1
HERBAL TEA,1
REBIF PRE-FILLED SYRINGE,1
ORIGINAL STRENGTH GOLD BOND MEDICATED FOOT POWDER,1
HORSETAIL,1
REOPRO - LIQ IV 2MG/ML,1
DOCETAXEL,1
ORTHO-NOVUM SQ,1
MICARDIS 80MG TAB,1
TPA,1
HYDERGINE TABLETS, 1MG,1
ANANDRON,1
HYDROMORPHONE HYDROCHLORIDE INJECTION USP,1
DURAGESIC MAT,1
HYZAAR 50/12.5MG,1
CEFPROZIL,1
PARACNE,1
TRULY PREMIUM ALL NATURALS ACIDOPHILUS WITH BIFIDUS (NON DAIRY),1
RUSTIN-OSAN,1
PENATEN CREAM,1
INHALER(S),1
MORPHINE SR,1
INTERLEUKIN-2,1
SANDOZ ROSUVASTATIN,1
APO-FERROUS GLUCONATE,1
MULTIVITAMINS PLUS MINERALS (TRULY),1
IRON DEXTRAN COMPLEX,1
CINNAMON,1
PIMOZIDE,1
APO-LORAZEPAM,1
MYLAN-NITRO SUBLINGUAL SPRAY,1
VANCENASE AER 50MCG,1
CLARITIN TAB 10MG,1
PLASMA,1
VENTOLIN DISKUS,1
SILVER SULFADIAZINE,1
EXCIPIENTS,1
PMS-DICLOFENAC-SR,1
APO-TAMOX TAB 10MG,1
NEGGRAM,1
KYTRIL,1
SODIUM AMYTAL,1
PMS-TESTOSTERONE,1
ARIXTRA,1
NEVIRAPINE,1
COLASTRIMINE OD,1
ASENDIN,1
NIMBEX,1
STELABID,1
PREDNISOLONE,1
NIZATIDINE,1
CORICIDIN II EXTRA STRENGTH COLD AND FLU,1
SUBLINOX,1
FLOVENT DISKUS,1
PREPARATION H,1
CREON 5 MINIMICROSPHERES,1
NORLESTRIN 2.5/50,1
SUPREFACT,1
AVIRAX,1
PRIVIGEN,1
NOVO-AMIODARONE,1
YOUTH JUICE,1
SYNTHROID - TAB 112MCG,1
NOVO-DOCUSATE,1
LORSBAN,1
PROPINE LIQ 0.1%,1
ABRAXANE FOR INJECTABLE SUSPENSION,1
NOVO-RAMIPRIL,1
PYRAZINAMIDE,1
TEVA-ATOVAQUONE PROGUANIL,1
GLUCOSAMINE & CHONDROITIN & MSM,1
BONAMINE TAB 25MG CHEWABLE,1
NU-TRIAZIDE TAB 50 MG/25 MG,1
MEDROXY-2.5,1
TEVA-TRAZODONE,1
GRAPEFRUIT,1
BROMIDE,1
RATIO-ACLAVULANATE,1
OLMETEC,1
HEMCORT HC,1
DILTIAZEM SR,1
ALLERGY SERUM,1
TIMED RELEASE MEGA MEN - SRT,1
HEXADROL,1
CALCIUM & VITAMIN D TABLETS,1
REFRESH,1
DIPHENYLHYDANTOIN SODIUM,1
ORTHO 0.5/35 TABLETS (28 DAY),1
ORUDIS E,1
AMOBARBITAL TAB 50MG,1
CAPRELSA,1
ANDRIOL,1
MILRINONE INJECTION,1
HYDROXYCHLOROQUINE SULFATE,1
PALAFER CF,1
CEFTRIAXONE SODIUM FOR INJECTION, BP,1
ROBAXISAL,1
CENTRUM FORTE TABLETS,1
EMTEC-15,1
CHEWABLE SUPER ADULT MULTIVITAMIN & MINERAL,1
ENZASTAURIN,1
APO-CEPHALEX,1
ESTRADOT 50,1
PIOGLITAZONE HCL,1
MYLAN-ZOPICLONE,1
ETODOLAC,1
APO-PROPRANOLOL,1
VERAPAMIL,1
PMS-ZOPICLONE,1
LANTUS   -(CARTRIDGE),1
COLD-FX,1
SPARINE,1
FERTINORM HP,1
ASPIRIN - TABLETS,1
VITAMIN C (JAMIESON ),1
CONTAC COLD CAPSULES,1
FLAX OIL (ORGANIC),1
NO MATCH,1
PRESERVISION LUTEIN,1
CRESTOR - 20MG,1
AVONEX PREFILLED SYRINGE, PREFILLED AUTOINJECTOR,1
PRO-BISOPROLOL - 5,1
Z-BEC TABLETS,1
GAS-X REGULAR STRENGTH,1
BENEFIBRE,1
PROPOXYPHENE,1
NOVO-METFORMIN,1
GEN-LAMOTRIGINE,1
PROVOCHOLINE,1
DENAVIR,1
NOVO-RISEDRONATE,1
GHR,1
NOVOLIN GE LENTE INJ SC 100U/ML,1
ADD-BACK THERAPY,1
GLUTAMINE,1
BOTOX PWS INJ,1
RAN-CLARITHROMYCIN FILM-COATED TABLET,1
DIAMICRON TAB 80MG,1
ADVIL PEDIATRIC DROPS,1
GREEN TEA EXTRACT (NATURAL FACTORS),1
BUCKLEY'S CONGESTION AND COUGH,1
RATIO-ATORVASTATIN,1
OMEGA 3 SELECT,1
HEPARIN (BAXTER),1
CAL-500 TAB 500MG,1
RATIO-RAMIPRIL,1
DIMINUL,1
METHOXACET,1
TIMOLOL MALEATE,1
CALCIUM CARBONATE TABLETS WITH VITAMIN D,1
DIPHTHERIA PTP ADSORBED,1
HUMATROPE,1
CANDESARTAN CILEXETIL,1
RESERPINE,1
MICONAZOLE NITRATE VAGINAL CREAM USP, 2%,1
TRIAMCINOLONE ACETONIDE INJECTABLE SUSPENSION USP,1
HYDROXYUREA,1
RITALIN-SR TAB 20MG,1
DYNAPHYLLINE,1
ANTIFUNGALS,1
MIOCARPINE,1
APO DIMENHYDRINATE TAB 50MG,1
TUBERSOL,1
CENTRUM SELECT NOS,1
CHLORAL HYDRATE CAPSULES 500MG,1
SANDOZ ANASTROZOLE,1
EPHEDRINE HCL,1
PERCODAN,1
SANDOZ DICLOFENAC,1
APO-CLONIDINE TAB 0.1MG,1
URISPAS TAB 200MG,1
SAQUINAVIR,1
PHISODERM SHAMPOO,1
APO-GABAPENTIN,1
PIPERACILLIN/TAZOBACTAM,1
MYRBETRIQ,1
VASOPRESSIN INJECTION, USP,1
ETRAFON,1
PMS-AMLODIPINE,1
NAROPIN - 2MG/ML,1
KETOCONAZOLE,1
SINEMET CR 200/50,1
EXTRA STRENGTH TYLENOL ALLERGY,1
APO-ZOPICLONE,1
LACTOBACILLUS,1
VIMOVO MODIFIED RELEASE TABLET,1
COBALT THERAPY,1
SOLAZINE,1
COLLOIDAL SILVER,1
ASPIRIN COATED,1
POTASSIUM CHLORIDE ELIXIR,1
VITAMIN D3,1
STEROLS & STEROLINS - NEW ROOTS HERBAL,1
ATOMOXETINE HYDROCHLORIDE,1
PREGVIT,1
LEVOPHED 1.0 MG/ML,1
CORTISPORIN,1
SULFAMETHOXAZOLE TAB 500MG,1
AVC,1
PREVEGYNE,1
XIGRIS,1
CREATINE,1
PRO-LACTULOSE - 667,1
NOVO-CHLOROQUINE,1
LITHOTHAMNIUM CALCAREUM,1
BASALJEL-CAP,1
PROLASTIN-C,1
D-TABS 10000UNIT,1
NOVO-FURAN,1
ZIDOVUDINE,1
GELUSIL,1
BENTYLOL,1
PROPYL-THYRACIL,1
NOVO-MINOCYCLINE,1
ZOSTAVAX,1
TECFIDERA,1
DEPO-MEDROL,1
ACTIFED TABLETS,1
MALTLEVOL LIQ,1
BILBERRY,1
QUIDE,1
ADOLATIME,1
DIANEAL PD 1.5% DEXTROSE,1
AGAROL,1
MEFOXIN,1
RATIO-CLOBETASOL,1
ORACORT DENTAL PASTE 0.1%,1
TINZAPARIN,1
CALCIUM CITRATE,1
DISULFIRAM,1
METRONIDAZOLE 5 MG/ML INJECTION,1
TORADOL 10MG TABLETS,1
RESVERATROL,1
DOM-CLONAZEPAM,1
AMPHOTERICIN B,1
TRASICOR,1
RIMACTANE,1
MINERALS,1
HYOCYAMUS,1
RIVA ALENDRONATE,1
EBIXA,1
ANTIMIGRAINE PREPARATIONS,1
TRIOSIDE,1
ILOSONE,1
CELEBREX 100MG,1
ELIGARD,1
MOISTUREL LOTION,1
TYGACIL,1
ENEMA,1
EQUAL,1
MULBERRY ZUCCARIN,1
UROMAX,1
IODINE,1
PHYLLOCONTIN,1
APO-MISOPROSTOL,1
NABUMETONE,1
KARO SANITARY NAPKIN DEOD.,1
CLINDOXYL GEL,1
SHAMPOO,1
NATURAL HRT (SWISS HERBAL),1
KINERET,1
CLOTRIMAZOLE VAGINAL CREAM USP 2%,1
EYE CARE FORMULA I-CARE / I-CARE / EYE CARE FORMULA,1
PMS-METFORMIN,1
LAXATIVE NATURAL,1
VITALUX-S,1
COLY-MYCIN OTIC,1
FIORINAL C,1
LEUPROLIDE,1
COPPER IUD,1
FLOCTAFENINE,1
ATRIPLA,1
SULFINPYRAZONE,1
AVC/DIENESTROL,1
XYLOCAINE 1%,1
FORMOTEROL FOR INHALATION,1
AZO GANTRISIN,1
ZANTAC MAXIMUM STRENGTH NON-PRESCRIPTION,1
PROLOPA,1
DAILY LEAN CAPSULES - AM,1
NOVO-GLYBURIDE,1
TARCEVA,1
GEMMOS TINCTURE,1
PROSTAGLANDIN E1,1
NOVO-NAPROX SODIUM TAB 275MG,1
ZUCLOPENTHIXOL,1
PULMICORT INHALER,1
DEPO-PROVERA STERILE AQUEOUS SUSPENSION 50 MG/ML,1
DEXILANT,1
NOXIMANN,1
MAXIDEX,1
GOLD INJECTION,1
ALBUMIN (HUMAN),1
MEGESTROL,1
THERMOGENICS,1
HALIBUT LIVER OIL,1
RATIO-EMTEC,1
DIGESTIVE ENZYMES,1
TIAMOL CREAM 0.05%,1
HEPTAVAX B,1
ALTI-DILTIAZEM,1
TISSUE PLASMINOGEN ACTIVATOR,1
CALCIUM MAGNESIUM,1
REMINYL ER,1
DITROPAN XL  -(5MG),1
TORISEL SINGLE USE VIAL,1
CANESTEN COMBI-PAK COMFORTAB 3,1
MIDODRINE,1
CARBRITAL,1
MINESTRIN 1/20 28 DAY PACK,1
TRIENTINE,1
RIVANASE AQ.NASAL SPRAY 50MCG/METERED DOSE,1
ECP STERILE SOLUTION,1
PARA-AMINOBENZOIC ACID (PABA),1
RONIACOL,1
ENOVID-E,1
PENTASPAN,1
APO-BACLOFEN,1
ULTRAQUIN PLAIN CREAM,1
INTAL,1
SANDOZ MIRTAZAPINE,1
APO-ERYTHRO,1
CICATRIN POWDER,1
PHYTOBEC #1,1
APO-LEVETIRACETAM,1
ISUPREL,1
CLAFORAN,1
APO-NAPRO-NA,1
NALOXONE,1
KEFLIN,1
APO-SOTALOL,1
KONDREMU LAXATIVE LIQ 2.75MG/15ML,1
SLOMAX,1
PMS-METHYLPHENIDATE TABLETS 20MG,1
AREDIA,1
NEULEPTIL,1
VINORELBINE TARTRATE,1
COENZYME Q-10,1
SOMALIFE GHP,1
FER,1
POMEGRANATE,1
VITAMIN B COMP W VIT C CAP,1
STARNOC,1
NITROL (NITROGLYCERIN OINTMENT 2%, USP),1
LEVATE,1
VITAMOST,1
COPTIN,1
STREPTASE,1
PRENATAL,1
NORINYL-1,1
WIGRAINE,1
SUMATRIPTAN,1
PRIMROSE,1
LIPOZENE,1
SYNPHASIC 28 TABLETS,1
PROCHLORAZINE,1
CYPROTERONE,1
NOVO-CLONIDINE,1
BECLOVENT,1
GEN-BECLO AQ - AEM SUS 50MCG,1
ZYMAR,1
DERMATOP,1
MAPROTILINE,1
GLUCONORM,1
BLEOMYCIN SULPHATE FOR INJECTION USP,1
TEVA-ROSUVASTATIN,1
BRIMONIDINE TARTRATE/TIMOLOL MALEATE,1
OFLOXACIN,1
THIOMERIN SODIUM,1
BUSPIRONE-10 - TAB 10MG,1
RATIO-METFORMIN,1
ONE A DAY WITH NON-MEDICINAL GREEN TEA,1
ALL OTHER THERAPEUTIC PRODUCTS,1
REBIF PRE-FILLED CARTRIDGE (MULTIDOSE),1
DIOVOL TABLETS,1
ORGARAN INJ.-750ANTI-XAUNIT/AMP1250UNIT/ML,1
TOBRADEX OPHTHALMIC,1
HORSE CHESTNUT EXTRACT,1
CALCIUM SANDOZ SYR,1
RENESE,1
DIXARIT TAB 0.025MG,1
AMITRIPTYLINE PAMOATE,1
MICARDIS 40MG TAB,1
HYCORT RETENTION ENEMA 100MG/60ML,1
CANESTEN COMFORTAB 3,1
RHINALAR,1
OXTRIPHYLLINE TAB 200MG,1
DURAGESIC 100,1
ANTIARRHYTHMIC AGENTS CLASS I & III,1
MINIRIN,1
CEFOXITIN FOR INJECTION, USP,1
RIVASTIGMINE,1
EDTA (DIMAGNESIUM EDETATE),1
ANUGESIC-HC OINTMENT,1
TROFOSFAMIDE,1
APO METRONIDAZOLE TAB 250MG,1
MONISTAT 3,1
CHAMOMILE TEA,1
PENTOXIFYLLINE,1
APO-BROMOCRIPTINE TAB 2.5MG,1
MORPHINE HYDROCHLORIDE,1
UNISOM NIGHTTIME SLEEP AID TAB 50MG,1
SANDOZ PANTOPRAZOLE,1
ERYBID TAB 500MG,1
APO-FENO-SUPER,1
VACCINES,1
SEDLITZ SALT BATH,1
ESTRADIOL-17B,1
PILOCARPINE HYDROCHLORIDE OPHTHALMIC SOLUTION 4% USP,1
APO-LITHIUM CARBONATE,1
MYLAN-NIFEDIPINE EXTENDED RELEASE,1
APO-NORTRIPTYLINE,1
NAPROSYN E,1
SILODOSINE,1
APO-TAMOX,1
NEFAZODONE,1
KYOLIC GARLIC,1
VICTOZA 1.2MG PRE-FILLED PEN-INJECTOR. 15 DOSES(1.2MG). 30DOSES(0.6MG). 1 OR 2 PENS,1
CO PRAVASTATIN,1
PMS-TERAZOSIN,1
LANACANE EXTRA STRENGTH,1
ATENOL,1
PRED FORTE 1%,1
NIVEA CREAM,1
PRENATAL VITAMINS AND MINERALS TABLETS,1
NORLESTRIN 1/50,1
LIDEX,1
XAMIOL,1
FLUPENTIXOL DECANOATE INJECTION BP,1
LIRUGEN,1
YOMESAN (VET),1
ZENAPAX 5MG/ML,1
GARCINIA,1
DANABOL,1
LUVERIS,1
TAXOL LIQ IV 6MG/ML,1
GEN-CLONAZEPAM,1
PROTOPIC,1
GENACOL,1
PURINOL,1
NOVO-TRIMEL TAB,1
ADALAT P.A.20 -SRT 20MG,1
RALIVIA,1
NU-FUROSEMIDE TABLETS,1
GRAPE SEED EXTRACT,1
BROMELAIN,1
OLIVE OIL LIQ,1
MENOPAUSE FORMULA  (NATURAL FACTORS),1
THROMBOLYTICS,1
ALLEGRA-D,1
TILADE,1
HESPERIDIN,1
RED CLOVER BLOSSOMS (SOLARAY),1
METOLAZONE,1
HRT BIOIDENTICAL HORMONE CREAM,1
REPOISE,1
ORUDIS CAP 50MG,1
AMLODIPINE MALEATE,1
MICATIN CREAM - 2%,1
HYDRALAZINE,1
RHOTRAL,1
CARNITOR,1
RISPERDAL TAB 1MG,1
DURATOCIN INJECTION,1
TRIMEDONE,1
CEFTRIAXONE FOR INJECTION USP,1
RYTHMODAN-LA,1
EMPRACET,1
APO-ACEBUTOLOL,1
TYLENOL NO.1 CAPLETS,1
PEPPERMINT OIL,1
UNSPECIFIED,1
CHOLERA VACCINE,1
SANDOZ TELMISARTAN,1
PHENYLBUTAZONE,1
APO-FLUCONAZOLE-150,1
MUMPSVAX,1
VAGISIL CRM MEDICATION,1
IRON SULPHATE,1
ESTRADOT 37.5,1
PIOGLITAZONE,1
CLAVULIN,1
SEROQUEL TAB 200MG,1
PLATINUM SALT,1
APO-PREDNISONE,1
NAPROXEN SODIUM,1
VENTOLIN NEBULE(S),1
SIMULECT,1
VIDAZA,1
CO-PYRONIL,1
PMS-VENLAFAXINE XR,1
COLD ASSIST EXTRA STRENGTH,1
SOY ISOFLAVONE,1
ASPIRIN - CHILDREN'S SIZE - TABLETS,1
NITRAFLEX,1
CONRAY,1
PREDNISOLONE SODIUM PHOSPHATE,1
NIZORAL CREAM 2%,1
LEVODOPA,1
VOLTAREN EMULGEL,1
CORTEF,1
COVERSYL PLUS HD,1
NOVO-ATOMOXETINE,1
LISTERINE ANTISEPTIC MOUTHWASH,1
Z BEC TAB,1
SYNTHROID - TAB 137MCG,1
NOVO-DOXEPIN,1
LOTENSIN,1
TAMOXIFEN CITRATE,1
PROPOLIS (BOIRON)(HOMEOPATHIC),1
NOVO-MELOXICAM,1
LUXIQ EMULSION,1
TD POLIO ADSORBED,1
GEN-FENOFIBRATE MICRO 200MG,1
ACITRETIN,1
GERITOL,1
QUERCETIN,1
ADALAT XL - SRT 30MG,1
TEVA-DILTIAZEM,1
GLUCOSAMINE WITH MSM,1
BORIC ACID,1
NUTRASEA HP,1
ADVIL LIQUI-GELS,1
BUBBLE BATH,1
RATIO-ATENOLOL,1
HEPALEAN-LOK 100 USP,1
ALPHA LIPOIC ACID,1
HIBITANE SKIN CLEANSER,1
AMERGE,1
HUMALOG MIX 25 (CARTRIDGE),1
CAMELLIA,1
RESERCLEX,1
OS-CAL,1
MICONAZOLE NITRATE VAGINAL CREAM 2% (VITA HEALTH),1
DOXIDAN CAPSULES,1
OXYCONTIN 10MG,1
ANTIFUNGAL TOPICAL,1
MINT-CITALOPRAM,1
IDEBENONE,1
ROBITUSSIN,1
EFUDEX CRM 5%,1
PARNATE,1
APO CIMETIDINE,1
MODUCARE,1
TUBERCULIN PPD (MANTOUX),1
ENALAPRIL MALEATE,1
APO-ALENDRONATE,1
INOSITOL,1
PERIACTIN TAB 4MG,1
APO-CLONAZEPAM,1
INVANZ,1
CHOLINE THEOPHYLLINATE,1
ESSENTIAL ELECTORLYTES,1
APO-FLUVOXAMINE TABLETS,1
ISMELIN,1
CIPRO 500 - TAB 500MG,1
SENOKOT S TAB,1
MYOCHRYSINE,1
SERPASIL,1
PMS-ALENDRONATE-FC,1
KETEK,1
SINEMET CR,1
NEO-SYNEPHRINE,1
LACTAID,1
VIGRAN,1
SOFLAX,1
LAPATINIB DITOSYLATE MONOHYDRATE,1
VISUDYNE,1
COLGATE TOTAL TPT,1
ASPIRIN CHILDRENS,1
CONTRACEPTIVE FOAM,1
FLECAINIDE,1
ATIVAN TABLETS, 1MG,1
PREGNYL,1
FLUANXOL DEPOT 2% -LIQ IM 20MG/ML,1
PREVACID FASTAB,1
CRANBERRY JUICE,1
AXERT,1
PRO-CLONAZEPAM,1
CYCLOSPASMOL TABLETS 200MG,1
ZADITEN,1
BARBITURATES,1
PROLACTIN,1
NOVO-FUMAR 200MG,1
222 TABLET,1
TANTUM LIQ 0.15%,1
BENLYSTA FOR I.V. INFUSION ONLY. 80MG/ML(RECONST.) - 5ML VIAL.,1
ACCURETIC 20/12.5 MG,1
TEBRAZID TAB 500MG,1
BETALOC,1
PRUNE JUICE,1
ACTIFED,1
BIG TIME,1
QUETIAPINE FUMARATE,1
DEVILS CLAW,1
ADDERALL XR 25MG,1
MAX FACTOR PAN-STIK MAKE-UP,1
TEVA-IRBESARTAN,1
BOTULINUM TOXOID (ABCDE),1
RAN-PANTOPRAZOLE,1
NUTRINEAL,1
MEFLOQUINE,1
THALOMID,1
BUDESONIDE/FORMOTEROL FUMARATE,1
DIET-CARE,1
ALERTEC,1
MEROPENEM,1
THYROID TAB 60MG,1
HEPARIN SODIUM & 5% DEXTROSE INJECTION LIQ,1
TIMOPTIC-XE,1
HIZENTRA,1
DISOPYRAMIDE,1
ORTHO-CEPT TABLETS (28 DAY),1
DOM-CITALOPRAM,1
TRANYLCYPROMINE,1
CARBOCAL D 400,1
DOXYLAMINE SUCCINATE,1
TRIAZIDE,1
EASYMULTI+ PLATINUM,1
TRINSICON,1
ILETIN II PORK LENTE INSULIN,1
ROFACT,1
ELIDEL,1
PAS,1
APO FLURAZEPAM HCL CAP 15MG,1
TWINRIX,1
INDERAL LA,1
CENTURY SILVER 50+,1
APO-AMOXI,1
TYLENOL WITH CODEINE NO. 2 - TAB,1
INSULIN HUMAN,1
CHLORALOL,1
CHLORDIAZEPOXIDE,1
APO-DIAZEPAM,1
MUCINUM,1
PHRASE 2 STARCH NEUTRALIZER,1
APO-IMATINIB,1
MYCOSTATIN ONT 100000IU/GM,1
PIPORTIL L4,1
APO-MINOCYCLINE CAP 100MG,1
N-ACETYLCYSTEINE,1
VECTIBIX,1
EUFLEX TAB 250MG,1
APO-ROSUVASTATIN,1
KIDROLASE INJ PWS 10000UNIT/VIAL,1
SOLIUM,1
NICORETTE,1
LAX-A-DAY,1
COLPRONE TAB 5MG,1
NITRO-DUR 0.4,1
COPPER,1
PREMARIN TABLETS 0.625MG,1
NORETHINDRONE,1
LEVOTHYROXINE SODIUM,1
COTAZYM,1
AVC DIENESTROL CREAM,1
CRYOPRECIPITATE,1
NORVIR - CAP 100MG,1
FOR-MATRIX,1
CYKLOKAPRON,1
ZANTAC  - TAB 75MG,1
TACE,1
FUCIDIN OINTMENT 2%,1
DACLIZUMAB,1
LUCENTIS,1
TARASAN,1
DECLINAX,1
NOVO-NAPROX,1
BETAMETHASONE VALERATE,1
MANDOL,1
BIOTIN,1
NOVOXAPAM,1
RAN-RISPERIDONE,1
DIANEAL PD4 CAPD SOLUTION WITH 2.5% DEXTROSE AND 2.5MEQ/L CALCIUM,1
ALBAMYCIN T,1
MEGAZYME,1
HEPATITIS B VACCINE,1
CALCITE 500 D 400,1
DIOVAN 80MG TABLETS,1
ALTI-ACYCLOVIR,1
TIOTROPIUM BROMIDE,1
HOODIA GORDONII,1
CALCIUM GLUCONATE,1
REMINYL,1
AMINOPHYLLINE INJECTION 25MG/ML,1
MEZAVANT,1
CANESTEN COMBI-PAK COMFORTAB 1,1
RETROVIR (AZT),1
OVRAL 28 TABLETS,1
HYDROCYCLINE,1
CARBOPLATIN INJECTION - LIQ  IV  10MG/ML,1
DULCOLAX,1
HYPAQUE-M 60%,1
RIVA-SENNA,1
ECOTRIN,1
TRIPLE-SULFA,1
CELESTODERM V,1
APO HALOPERIDOL,1
SALICYLATE,1
APO-ATORVASTATIN,1
MONOCOR   -(5MG),1
ULTRACAINE DS FORTE INJ,1
CHLOROTHIAZIDE,1
SANDOZ METFORMIN FC,1
ERBITUX,1
PGX DAILY,1
APO-DOXY,1
IPRATROPIUM/SALBUTAMOL,1
CICAL,1
PHYTO SOYA VAGINAL GEL,1
APO-LANSOPRAZOLE,1
MYLAN-CLINDAMYCIN,1
CITRACAL CAPLETS PLUS D,1
APO-NADOL TAB 80MG,1
EURO-DOCUSATE CAPSULES,1
VIBRAMYCIN,1
CLOZAPINE,1
EZEE SLIMMING PATCH,1
PMS-METHYLPHENIDATE TABLETS 10MG,1
LAMISIL CRM 1%,1
SOMA COMPOUND,1
FENUGREEK,1
LEAFSOURCE,1
VITAMIN B 3,1
STANHEXIDINE AQUEOUS 2% WITH 4% ISOPROPYL ALCOHOL,1
ATACAND TAB 8MG,1
COUGH MEDICINE,1
FLUOROMETHOLONE OPHTHALMIC,1
AVEENO PREPARATIONS,1
FORTEO PEN,1
PROCARBAZINE,1
CYPROHEPTADINE HYDROCHLORIDE TABLET USP,1
NOVO-CLONAZEPAM,1
TALWIN,1
FUZEON,1
DALACIN C PHOSPHATE,1
5-HTP (PHYSICIANS FORMULA),1
TARO-PHENYTOIN,1
NOVO-OLANZAPINE,1
ACETAMINOPHEN EXTRA STRENGTH TAB 500MG USP,1
MACA ROOT,1
BETNOVATE PREPARATIONS,1
PULMICORT TURBUHALER,1
DEPRONAL-SA,1
NOVO-TEMAZEPAM,1
ACUPUNCTURE,1
MANGANESE,1
GLUCAGON,1
R & C SHAMPOO WITH CONDITIONER,1
DEXTROSE 5% IN WATER,1
MDA,1
GONADOTROPIN-RELEASING HORMONE,1
BRILINTA,1
RANITIDINE HYDROCHLORIDE,1
OENOTHERA BIENNIS,1
THIAMINE HCL,1
HALOTESTIN,1
RATIO-LAMOTRIGINE,1
METANDREN,1
TIAZAC XC,1
ORGARAN,1
ALTROXAN,1
METHYLPREDNISOLONE SODIUM SUCCINATE,1
TOBRADEX OPH SUS,1
HORMONES NOS,1
TOTAL PARENTERAL NUTRITION (TPN),1
DORMER 211 FACE CREAM SPF 15,1
CARDIOQUIN TABLETS,1
RISPERDAL 0.5MG,1
TRIHEXYPHENIDYL,1
CEFOTAXIME,1
EDECRIN,1
ANTIVIRALS,1
MOBIFLEX TAB 20MG,1
CELEXA 40 MG,1
PENTOTHAL,1
APO-BROMAZEPAM,1
